student_id,age,gender,school_type,parent_education,study_hours,attendance_percentage,internet_access,travel_time,extra_activities,study_method,science_score,english_score,overall_score,final_grade,race/ethnicity,lunch,test preparation course,math score,reading score,writing score
30,16,other,public,diploma,7.0,74.9,yes,>60 min,yes,textbook,73.5,71.7,82.6,c,group D,standard,none,62,70,75
536,14,female,public,phd,1.1,87.3,yes,<15 min,no,mixed,49.8,44.7,42.8,e,group C,free/reduced,completed,66,83,83
696,15,male,public,post graduate,1.9,90.5,yes,>60 min,yes,textbook,40.6,69.9,53.3,e,group D,free/reduced,none,79,89,86
558,19,male,private,high school,4.1,73.5,yes,30-60 min,no,online videos,63.9,64.0,63.8,d,group C,free/reduced,none,61,67,66
837,18,other,public,phd,4.7,73.6,yes,>60 min,no,mixed,59.9,75.6,73.0,c,group E,standard,none,73,64,57
597,17,male,private,no formal,4.2,52.0,yes,<15 min,no,online videos,69.4,51.6,51.6,e,group B,free/reduced,none,30,24,15
166,18,male,public,phd,2.9,70.4,yes,>60 min,no,group study,59.9,70.7,58.3,d,group C,standard,completed,96,100,100
919,15,male,private,diploma,7.7,76.3,no,<15 min,yes,online videos,93.2,100.0,93.8,b,group C,standard,completed,57,77,80
496,16,female,public,graduate,4.0,66.1,no,>60 min,no,online videos,52.4,52.4,50.7,e,group D,standard,completed,68,64,66
825,17,other,public,high school,1.2,99.1,yes,>60 min,yes,notes,69.9,48.7,53.1,e,group C,free/reduced,none,48,58,52
66,15,female,public,post graduate,0.5,99.0,yes,>60 min,no,notes,28.5,38.0,39.2,f,group B,standard,none,67,64,61
142,15,female,public,diploma,7.6,82.3,yes,<15 min,yes,group study,100.0,92.8,89.7,b,group C,free/reduced,none,59,62,64
926,19,other,private,diploma,2.6,80.8,yes,>60 min,no,coaching,67.2,58.5,56.9,d,group E,standard,completed,74,64,60
828,19,other,private,phd,7.0,54.8,yes,>60 min,yes,group study,72.1,71.2,69.7,d,group C,standard,none,65,69,76
656,17,male,public,no formal,6.8,83.0,yes,15-30 min,yes,coaching,78.3,86.4,81.3,c,group B,standard,none,62,67,67
332,16,female,public,phd,1.1,81.5,no,30-60 min,yes,mixed,43.0,56.8,45.1,e,group C,standard,none,47,37,35
665,17,female,public,no formal,3.5,77.5,yes,30-60 min,no,mixed,64.1,45.1,53.9,e,group D,standard,none,80,63,63
250,14,female,public,high school,4.5,64.4,yes,<15 min,no,notes,68.1,54.1,59.2,d,group C,standard,none,68,60,53
908,15,male,public,phd,2.4,70.7,yes,30-60 min,yes,coaching,58.8,55.9,55.1,d,group D,standard,completed,79,84,91
709,16,male,public,post graduate,7.4,90.7,yes,30-60 min,no,textbook,100.0,82.9,99.6,a,group D,standard,none,89,87,79
306,14,female,private,post graduate,0.7,86.6,yes,>60 min,yes,group study,48.0,41.5,45.8,e,group A,standard,none,69,67,69
735,15,other,private,graduate,1.5,92.2,yes,>60 min,yes,textbook,69.0,46.2,57.8,d,group E,free/reduced,none,53,58,57
976,15,other,private,high school,4.3,84.0,yes,30-60 min,yes,group study,42.6,67.0,58.1,d,group C,standard,completed,64,82,77
50,18,male,private,post graduate,7.0,79.2,no,30-60 min,no,coaching,91.1,100.0,95.9,a,group C,standard,completed,82,84,82
897,17,other,public,post graduate,2.2,97.1,yes,15-30 min,no,mixed,51.4,43.4,50.6,e,group B,free/reduced,none,36,29,27
3,17,female,private,post graduate,7.9,65.5,no,<15 min,no,notes,95.0,79.2,89.6,b,group B,standard,none,90,95,93
545,18,other,public,phd,3.9,93.2,yes,30-60 min,yes,group study,55.8,88.4,74.3,c,group D,standard,none,64,63,66
351,17,male,private,graduate,1.8,87.8,yes,30-60 min,no,group study,51.2,49.3,44.4,e,group B,standard,none,52,65,69
905,16,male,public,diploma,4.5,83.0,yes,15-30 min,yes,notes,63.4,64.0,59.4,d,group D,free/reduced,none,67,84,84
537,16,male,private,diploma,2.4,63.6,yes,30-60 min,no,mixed,40.4,47.3,40.5,e,group C,standard,completed,51,60,58
345,19,other,private,graduate,6.6,85.6,yes,>60 min,no,textbook,84.4,100.0,84.7,c,group D,standard,none,79,73,67
995,17,female,public,post graduate,1.6,86.4,yes,15-30 min,no,group study,54.6,62.2,52.2,e,group A,standard,none,63,63,62
482,18,female,private,graduate,2.5,76.3,no,>60 min,yes,online videos,53.0,35.4,46.8,e,group D,free/reduced,none,52,59,56
576,16,other,public,diploma,6.0,72.8,yes,>60 min,no,mixed,90.5,59.6,70.6,c,group A,free/reduced,completed,40,55,53
34,17,other,public,graduate,4.2,55.1,no,15-30 min,no,coaching,57.4,72.9,62.2,d,group D,standard,none,40,42,38
32,15,female,private,high school,5.9,72.5,yes,>60 min,yes,textbook,82.5,77.4,77.1,c,group B,standard,none,63,65,61
232,19,other,private,post graduate,4.7,98.0,yes,<15 min,no,group study,63.3,86.5,70.5,c,group C,standard,none,46,43,42
964,15,other,public,post graduate,5.2,87.8,yes,<15 min,yes,coaching,84.4,72.6,68.9,d,group C,free/reduced,completed,65,76,75
193,17,female,private,post graduate,7.2,70.1,yes,15-30 min,yes,textbook,55.2,78.0,80.1,c,group B,standard,none,62,64,66
334,18,other,public,graduate,6.2,92.4,yes,30-60 min,yes,group study,76.2,89.4,82.6,c,group B,standard,none,90,78,81
4,16,other,public,high school,1.1,58.1,no,15-30 min,no,notes,27.5,54.7,41.6,e,group A,free/reduced,none,47,57,44
205,16,male,public,post graduate,3.2,79.5,yes,<15 min,yes,mixed,63.5,50.2,59.9,d,group C,standard,none,59,41,42
515,19,female,public,post graduate,5.0,84.8,yes,<15 min,no,textbook,63.8,76.3,68.3,d,group B,free/reduced,completed,77,97,94
800,16,male,public,diploma,6.9,73.7,yes,>60 min,yes,online videos,88.6,100.0,91.5,b,group C,standard,none,52,55,57
307,15,other,private,post graduate,7.4,89.9,yes,>60 min,no,mixed,100.0,97.4,96.6,a,group E,standard,completed,99,87,81
110,18,other,private,no formal,7.8,69.1,no,30-60 min,no,online videos,96.5,74.7,82.4,c,group B,standard,none,70,64,72
431,14,other,public,graduate,4.9,62.4,no,>60 min,no,online videos,53.0,47.2,60.4,d,group C,free/reduced,none,64,66,59
78,15,male,public,post graduate,7.0,60.1,yes,<15 min,yes,group study,87.5,84.0,80.7,c,group A,standard,completed,80,78,81
85,17,male,public,diploma,2.8,96.1,yes,<15 min,yes,notes,57.9,53.0,61.7,d,group D,free/reduced,none,42,39,34
287,14,female,public,post graduate,1.4,90.2,yes,30-60 min,no,notes,59.2,54.9,52.6,e,group E,standard,completed,97,82,88
83,14,female,public,high school,6.4,71.0,yes,<15 min,no,mixed,100.0,98.5,83.0,c,group A,free/reduced,completed,50,47,54
992,17,female,private,diploma,2.1,96.7,yes,>60 min,yes,textbook,42.9,59.6,54.9,e,group B,standard,completed,65,82,78
790,14,female,public,diploma,5.2,87.5,yes,30-60 min,no,online videos,88.4,76.7,78.0,c,group C,free/reduced,none,52,65,61
895,18,male,private,high school,6.4,75.8,yes,15-30 min,yes,textbook,73.5,79.4,75.8,c,group E,standard,none,59,62,69
399,15,male,public,diploma,1.7,76.7,yes,>60 min,no,group study,32.0,35.4,43.8,e,group B,standard,none,74,63,57
324,19,other,public,graduate,1.1,56.3,yes,<15 min,no,online videos,36.1,15.1,34.1,f,group C,free/reduced,none,43,53,53
520,17,female,public,diploma,4.3,62.6,yes,15-30 min,yes,textbook,55.1,64.4,59.4,d,group B,free/reduced,completed,67,78,79
917,17,female,private,graduate,3.0,62.6,yes,30-60 min,no,group study,45.2,14.3,42.6,e,group E,standard,completed,100,100,100
923,16,male,public,high school,7.9,72.2,yes,<15 min,yes,mixed,88.7,71.1,86.6,b,group D,standard,none,72,66,66
6,19,male,public,no formal,3.8,69.6,yes,>60 min,yes,coaching,78.3,63.9,63.5,d,group B,standard,none,71,83,78
732,16,female,private,diploma,3.9,83.7,yes,>60 min,yes,notes,54.5,55.8,68.0,d,group A,free/reduced,none,55,46,43
466,19,female,public,high school,5.1,92.7,yes,30-60 min,no,mixed,65.9,67.9,71.9,c,group C,standard,none,84,87,91
98,18,male,private,phd,3.6,57.9,yes,15-30 min,no,group study,46.6,57.5,46.2,e,group E,standard,completed,63,72,70
267,16,female,private,phd,2.8,86.5,yes,<15 min,no,coaching,58.7,59.4,51.8,e,group C,standard,none,63,75,81
358,19,other,private,graduate,0.7,63.5,yes,30-60 min,yes,mixed,45.8,35.5,40.4,e,group C,free/reduced,completed,42,66,69
869,16,male,private,graduate,2.1,84.3,yes,<15 min,yes,mixed,56.4,65.8,55.5,d,group E,free/reduced,completed,78,74,72
799,15,other,private,diploma,4.8,89.1,yes,30-60 min,no,group study,89.5,59.5,77.0,c,group E,standard,none,69,60,54
381,14,male,public,no formal,2.2,77.1,yes,>60 min,no,notes,57.3,54.6,57.0,d,group B,standard,none,80,86,83
632,15,male,private,graduate,7.9,95.3,yes,30-60 min,no,online videos,95.8,89.0,99.9,a,group B,standard,none,79,60,65
382,19,male,public,post graduate,7.0,84.0,yes,15-30 min,no,online videos,77.0,86.5,83.1,c,group C,standard,completed,87,100,95
491,19,other,public,graduate,4.0,84.7,yes,>60 min,yes,online videos,44.3,58.7,60.0,d,group A,free/reduced,none,65,85,76
119,15,male,private,high school,1.0,97.8,yes,15-30 min,yes,mixed,32.0,41.9,39.6,f,group D,standard,none,51,63,61
901,14,other,public,post graduate,3.7,68.2,yes,30-60 min,yes,group study,64.5,62.4,54.9,e,group D,standard,none,85,84,89
251,15,female,private,phd,7.4,54.1,yes,30-60 min,no,online videos,99.7,76.5,87.5,b,group A,standard,completed,47,49,49
524,18,other,private,phd,7.8,82.2,yes,30-60 min,no,online videos,75.6,86.4,91.1,b,group C,free/reduced,none,54,59,50
10,14,female,public,diploma,6.8,62.4,yes,>60 min,no,mixed,70.4,81.3,69.6,d,group B,free/reduced,none,38,60,50
197,16,female,private,diploma,5.9,60.4,yes,<15 min,yes,mixed,78.9,78.5,71.9,c,group C,free/reduced,completed,59,69,65
604,14,other,public,post graduate,1.8,66.9,yes,30-60 min,no,mixed,48.2,35.1,45.7,e,group D,free/reduced,none,60,57,51
82,16,other,public,high school,2.0,86.8,yes,15-30 min,no,mixed,48.9,54.0,58.5,d,group B,free/reduced,none,49,45,45
784,14,other,public,no formal,6.7,54.1,yes,30-60 min,yes,online videos,81.1,91.2,74.0,c,group C,standard,completed,52,59,62
588,14,female,private,diploma,3.3,66.7,yes,>60 min,no,group study,77.0,64.1,61.8,d,group C,free/reduced,none,44,63,62
798,16,other,private,no formal,7.6,80.9,yes,<15 min,no,group study,75.2,95.7,84.9,c,group E,free/reduced,none,70,84,81
240,17,other,public,graduate,3.0,55.5,yes,<15 min,yes,group study,32.7,32.3,39.2,f,group C,standard,none,84,80,80
291,18,male,public,graduate,2.6,69.3,yes,30-60 min,no,coaching,34.0,40.5,42.2,e,group C,standard,none,76,70,68
212,18,other,private,graduate,2.9,81.8,yes,>60 min,yes,group study,67.5,64.3,65.5,d,group C,free/reduced,none,35,28,27
718,16,other,private,post graduate,6.0,86.0,no,>60 min,yes,textbook,66.1,76.3,74.7,c,group C,standard,completed,96,96,99
360,18,other,public,post graduate,6.5,70.8,no,>60 min,yes,group study,100.0,81.5,78.5,c,group D,standard,none,80,90,89
450,15,other,private,phd,5.1,94.3,yes,<15 min,no,notes,75.7,86.4,77.5,c,group B,standard,none,81,73,72
228,17,female,private,phd,5.1,92.5,no,<15 min,no,notes,74.9,90.4,80.2,c,group D,standard,none,57,50,54
951,14,other,public,no formal,6.4,62.5,yes,<15 min,no,online videos,96.3,90.0,86.1,b,group E,standard,none,94,73,71
947,19,other,private,diploma,5.1,53.2,no,>60 min,no,online videos,55.0,57.0,63.6,d,group B,standard,none,82,82,80
797,19,other,private,high school,7.1,61.6,yes,15-30 min,yes,mixed,88.4,75.6,85.6,b,group D,standard,none,70,70,70
502,17,other,private,phd,2.0,94.0,yes,<15 min,yes,group study,77.6,57.5,63.4,d,group B,standard,completed,94,87,92
465,14,male,public,high school,4.2,56.3,yes,30-60 min,yes,online videos,62.6,59.7,62.3,d,group A,standard,completed,75,58,62
363,15,female,public,phd,3.7,80.3,yes,<15 min,no,notes,86.9,81.8,69.4,d,group C,standard,none,52,58,58
469,15,male,private,diploma,2.6,53.0,yes,>60 min,no,online videos,28.4,39.7,36.9,f,group A,free/reduced,completed,77,88,85
936,19,other,public,diploma,4.7,91.8,yes,>60 min,yes,online videos,79.3,70.0,83.6,c,group D,free/reduced,none,70,63,58
429,14,male,public,graduate,6.6,50.9,yes,30-60 min,no,online videos,86.2,67.1,79.1,c,group A,free/reduced,none,65,59,53
8,18,female,private,post graduate,5.6,59.4,yes,>60 min,yes,group study,60.1,53.4,69.6,d,group B,free/reduced,none,40,43,39
156,17,male,private,post graduate,4.9,88.1,yes,30-60 min,no,coaching,57.7,77.6,77.5,c,group C,standard,completed,70,89,88
542,14,male,public,high school,4.0,70.7,yes,>60 min,no,online videos,84.0,71.8,69.6,d,group D,free/reduced,completed,79,82,80
441,19,female,private,high school,4.7,78.0,yes,15-30 min,no,group study,62.6,68.7,67.8,d,group C,standard,completed,67,81,79
483,15,other,private,phd,2.5,66.3,yes,30-60 min,yes,coaching,32.5,46.9,45.8,e,group C,free/reduced,none,68,68,61
423,18,female,public,no formal,6.2,99.2,yes,15-30 min,yes,online videos,67.6,89.8,81.6,c,group D,free/reduced,completed,47,58,67
779,15,female,public,high school,5.5,60.6,yes,<15 min,no,mixed,64.3,52.1,58.7,d,group A,standard,completed,72,79,82
950,15,other,private,phd,4.4,66.7,yes,30-60 min,yes,coaching,59.3,79.6,65.6,d,group E,free/reduced,completed,57,75,73
335,16,female,public,high school,4.1,93.8,no,30-60 min,yes,textbook,61.3,81.9,69.4,d,group C,standard,none,83,93,95
577,19,other,private,high school,4.4,68.2,yes,15-30 min,no,online videos,60.0,45.5,56.5,d,group A,standard,completed,61,51,52
935,16,female,public,high school,7.8,72.4,yes,>60 min,no,coaching,77.7,96.1,93.3,b,group C,standard,completed,98,87,90
568,15,male,private,no formal,7.5,94.7,yes,15-30 min,no,mixed,93.2,87.1,89.1,b,group D,free/reduced,completed,61,71,78
595,15,other,private,diploma,5.1,84.3,yes,<15 min,yes,group study,56.6,51.7,65.9,d,group C,standard,completed,92,100,99
531,17,male,public,graduate,7.9,65.2,no,15-30 min,no,coaching,88.8,85.6,84.9,c,group C,standard,completed,68,67,73
582,19,other,private,graduate,4.3,69.7,yes,15-30 min,no,notes,78.8,67.8,68.4,d,group E,standard,none,77,79,80
708,17,female,private,high school,6.0,95.6,yes,>60 min,no,group study,71.7,70.0,76.3,c,group C,standard,none,66,59,52
449,17,other,public,phd,3.3,55.8,no,>60 min,no,textbook,41.8,56.8,41.3,e,group B,standard,none,47,46,42
454,14,male,public,high school,4.1,63.8,yes,15-30 min,no,online videos,76.3,68.3,56.7,d,group C,free/reduced,none,65,58,49
229,17,male,private,no formal,3.5,55.5,no,15-30 min,no,textbook,64.3,66.4,54.8,e,group A,free/reduced,none,68,72,64
353,15,male,private,post graduate,5.4,55.6,yes,<15 min,yes,notes,54.5,56.5,58.9,d,group C,standard,completed,63,78,80
729,16,male,public,graduate,3.4,53.9,yes,<15 min,no,textbook,31.6,38.4,43.1,e,group D,free/reduced,none,73,92,84
213,18,other,public,graduate,5.1,55.4,no,<15 min,no,notes,50.8,69.7,62.8,d,group C,free/reduced,none,42,62,60
80,18,male,private,phd,1.8,65.2,no,15-30 min,no,mixed,19.0,12.8,32.7,f,group E,standard,none,62,68,68
149,18,male,public,phd,4.5,82.6,yes,<15 min,yes,textbook,58.0,76.3,68.7,d,group D,standard,completed,68,75,81
303,14,other,public,graduate,4.7,63.2,yes,15-30 min,no,textbook,80.9,62.2,60.2,d,group C,standard,completed,67,84,81
629,17,other,public,post graduate,3.4,65.8,yes,30-60 min,yes,mixed,47.1,28.1,47.1,e,group D,free/reduced,none,49,57,46
778,14,other,private,post graduate,6.5,92.5,yes,15-30 min,no,coaching,93.2,78.4,88.4,b,group C,free/reduced,none,35,44,43
507,17,female,private,phd,2.1,85.9,yes,30-60 min,no,mixed,50.7,30.7,46.9,e,group A,standard,none,68,70,66
343,17,male,private,graduate,3.3,76.7,yes,30-60 min,yes,online videos,56.9,48.7,51.9,e,group B,standard,completed,69,76,74
486,15,other,public,phd,2.8,63.1,no,<15 min,yes,online videos,63.1,63.5,54.4,e,group C,standard,none,70,74,71
712,17,other,public,diploma,3.0,92.2,no,15-30 min,no,mixed,53.0,65.3,60.8,d,group E,standard,completed,80,85,85
134,17,male,private,diploma,6.1,57.4,yes,15-30 min,no,group study,81.5,86.3,78.3,c,group C,standard,completed,75,81,84
704,15,other,private,diploma,3.1,87.6,yes,<15 min,yes,coaching,46.2,39.5,50.2,e,group D,standard,none,63,64,67
312,18,other,private,post graduate,6.2,90.4,no,15-30 min,no,textbook,91.1,100.0,91.6,b,group B,standard,none,66,60,57
723,19,other,private,high school,3.0,82.6,yes,>60 min,no,coaching,58.8,51.2,63.7,d,group B,free/reduced,completed,74,90,88
630,16,female,public,phd,5.6,61.5,yes,<15 min,no,textbook,66.5,59.3,61.6,d,group C,standard,completed,44,51,55
1,14,male,public,post graduate,3.1,84.3,yes,<15 min,yes,notes,55.4,57.0,53.1,e,group B,standard,none,72,72,74
317,18,male,public,diploma,1.7,92.5,yes,>60 min,yes,textbook,56.5,53.0,50.5,e,group D,standard,completed,77,82,91
707,14,other,public,phd,3.5,85.1,yes,15-30 min,yes,coaching,51.6,60.0,60.2,d,group D,standard,none,46,34,36
548,17,other,private,no formal,5.3,98.8,yes,>60 min,no,textbook,78.6,82.2,82.1,c,group C,standard,completed,72,67,64
873,14,male,public,post graduate,4.7,71.1,yes,30-60 min,no,textbook,53.9,50.2,56.4,d,group B,standard,completed,82,84,78
533,14,other,public,phd,7.8,99.7,yes,>60 min,yes,coaching,89.1,100.0,100.0,a,group E,standard,completed,62,61,58
478,14,male,private,no formal,0.6,75.2,no,15-30 min,no,coaching,23.0,28.6,30.2,f,group D,standard,none,80,68,72
405,16,other,private,high school,5.8,67.9,yes,15-30 min,no,textbook,87.5,83.6,76.2,c,group C,standard,none,54,59,62
173,18,male,private,diploma,5.7,73.7,yes,30-60 min,no,coaching,80.6,58.2,80.8,c,group D,standard,none,79,86,81
126,17,male,private,diploma,2.0,70.5,no,>60 min,no,group study,52.9,52.8,53.1,e,group B,standard,none,87,95,86
395,18,other,public,phd,2.2,53.4,yes,30-60 min,no,group study,32.5,49.1,34.9,f,group C,standard,completed,65,74,77
421,19,male,public,high school,4.0,94.0,yes,30-60 min,yes,mixed,77.4,71.0,65.9,d,group C,free/reduced,completed,82,93,93
553,18,female,public,no formal,7.3,70.8,yes,<15 min,yes,mixed,92.6,71.2,82.5,c,group B,standard,none,40,48,50
904,19,female,private,post graduate,6.4,100.0,no,30-60 min,yes,coaching,81.1,79.2,83.0,c,group D,free/reduced,completed,93,100,100
91,16,other,public,phd,5.1,50.3,yes,30-60 min,no,group study,50.2,63.1,59.9,d,group C,standard,none,65,72,74
940,17,male,public,diploma,1.4,82.4,yes,>60 min,yes,mixed,49.9,39.3,46.4,e,group D,standard,completed,77,68,69
182,14,female,public,no formal,3.5,90.1,yes,30-60 min,yes,online videos,56.9,47.5,59.5,d,group C,free/reduced,none,46,64,66
275,16,other,private,diploma,2.3,59.9,yes,15-30 min,no,online videos,42.4,28.0,49.2,e,group B,standard,completed,88,85,76
896,17,female,public,graduate,1.7,68.2,yes,<15 min,no,notes,58.6,44.4,48.1,e,group E,free/reduced,none,32,34,38
70,16,female,private,post graduate,3.2,79.1,yes,15-30 min,no,notes,57.2,47.2,57.1,d,group C,standard,none,39,64,57
292,15,male,public,phd,4.3,72.2,no,30-60 min,yes,textbook,69.3,74.3,64.6,d,group D,standard,none,86,73,70
132,17,other,private,no formal,2.8,63.5,yes,>60 min,no,mixed,63.3,41.9,40.6,e,group C,free/reduced,completed,53,37,40
301,16,other,private,phd,7.7,68.3,yes,30-60 min,yes,mixed,86.9,75.7,90.9,b,group A,free/reduced,completed,81,78,81
425,16,other,private,high school,1.0,50.0,yes,>60 min,yes,textbook,34.4,49.2,34.5,f,group B,free/reduced,none,41,39,34
327,15,other,public,phd,5.8,53.1,yes,>60 min,yes,group study,60.8,53.2,68.1,d,group C,standard,none,61,61,62
145,19,female,private,graduate,6.9,83.8,no,30-60 min,no,group study,100.0,96.2,95.6,a,group D,standard,none,88,73,78
424,17,other,public,phd,1.7,68.5,yes,>60 min,no,group study,39.4,29.3,41.3,e,group A,standard,completed,59,85,80
581,14,female,private,post graduate,5.5,68.4,no,<15 min,no,coaching,92.5,73.9,76.6,c,group D,standard,none,81,97,96
136,15,female,private,high school,3.2,57.2,yes,15-30 min,yes,mixed,53.9,63.5,50.1,e,group C,standard,none,58,55,48
451,19,other,public,graduate,2.2,62.6,yes,15-30 min,no,group study,46.3,48.2,37.0,f,group C,free/reduced,completed,64,85,85
165,16,female,private,phd,1.6,57.8,no,<15 min,yes,coaching,38.4,35.6,43.4,e,group E,standard,none,81,92,91
29,17,female,private,post graduate,3.0,71.0,yes,15-30 min,no,mixed,44.5,68.1,45.1,e,group C,standard,none,70,70,65
774,18,male,public,high school,6.1,74.4,yes,<15 min,no,notes,86.9,90.1,85.9,b,group C,free/reduced,none,62,78,79
194,16,male,private,no formal,6.8,52.4,yes,<15 min,no,mixed,88.5,91.3,84.1,c,group D,standard,completed,77,62,62
389,19,female,private,high school,4.0,74.7,yes,<15 min,no,notes,43.5,40.9,52.0,e,group D,standard,none,62,64,64
853,19,male,public,graduate,7.1,67.0,yes,30-60 min,yes,coaching,86.2,80.9,93.0,b,group E,standard,none,87,85,93
170,14,female,public,no formal,5.4,85.9,yes,>60 min,no,group study,71.2,80.1,78.4,c,group C,free/reduced,completed,67,75,70
706,17,female,private,diploma,7.4,88.7,yes,15-30 min,no,coaching,95.6,83.6,98.0,a,group A,free/reduced,none,62,72,65
141,19,male,private,high school,3.9,71.3,yes,15-30 min,no,mixed,46.4,54.2,52.6,e,group D,standard,none,76,72,71
174,18,male,public,post graduate,3.0,65.6,yes,<15 min,yes,online videos,50.5,39.8,50.5,e,group C,standard,none,63,67,70
7,14,female,private,post graduate,1.8,81.6,yes,30-60 min,no,textbook,29.4,39.2,39.1,f,group B,standard,completed,88,95,92
746,16,male,private,phd,3.3,75.9,yes,30-60 min,no,coaching,57.3,52.7,57.1,d,group D,standard,none,72,79,74
479,17,male,public,graduate,6.4,94.4,yes,30-60 min,no,group study,64.3,95.8,83.8,c,group D,standard,none,55,64,70
74,14,female,private,post graduate,1.3,97.9,yes,<15 min,yes,group study,58.0,59.5,59.5,d,group C,free/reduced,none,61,57,56
911,18,other,private,post graduate,4.4,57.2,yes,30-60 min,no,group study,63.4,44.6,59.9,d,group D,free/reduced,none,50,42,48
814,15,female,public,graduate,4.1,89.2,no,15-30 min,no,mixed,72.5,82.3,66.3,d,group E,standard,completed,87,84,76
239,15,other,public,no formal,4.7,69.7,yes,>60 min,no,coaching,50.2,59.2,63.7,d,group B,standard,none,54,52,51
146,19,male,public,no formal,7.2,70.5,yes,15-30 min,yes,textbook,86.7,82.9,90.2,b,group C,free/reduced,none,22,39,33
793,18,female,public,high school,5.7,93.4,yes,>60 min,no,mixed,91.9,85.0,90.2,b,group D,free/reduced,none,66,74,69
235,16,female,private,graduate,7.6,97.7,yes,30-60 min,yes,mixed,87.7,85.7,95.5,a,group C,standard,completed,83,82,84
221,14,female,private,no formal,5.0,50.5,yes,15-30 min,no,mixed,61.3,54.4,61.5,d,group D,standard,completed,56,68,74
924,14,male,private,no formal,5.4,90.4,yes,30-60 min,yes,coaching,88.9,83.8,87.1,b,group B,free/reduced,none,54,65,65
501,14,female,public,diploma,4.4,75.5,yes,30-60 min,no,textbook,84.3,74.7,74.2,c,group D,standard,none,74,79,82
133,14,other,private,high school,2.6,80.3,yes,30-60 min,yes,group study,39.9,35.2,43.3,e,group E,free/reduced,completed,87,74,70
991,16,male,private,no formal,3.4,99.7,yes,<15 min,yes,online videos,54.3,58.6,66.4,d,group E,free/reduced,completed,86,81,75
775,19,female,public,post graduate,2.7,71.1,yes,15-30 min,no,mixed,41.1,53.1,41.7,e,group B,standard,none,66,65,60
186,16,other,public,no formal,3.0,57.3,no,15-30 min,yes,notes,39.6,41.6,38.6,f,group C,free/reduced,completed,65,67,65
42,18,male,private,no formal,5.2,54.0,yes,30-60 min,yes,notes,58.2,60.1,53.9,e,group C,standard,none,58,73,68
697,18,female,public,diploma,7.8,68.7,yes,30-60 min,no,textbook,87.8,100.0,86.4,b,group C,standard,completed,75,82,90
109,16,female,public,no formal,5.8,70.3,yes,<15 min,no,mixed,60.4,85.2,65.2,d,group B,free/reduced,none,52,76,70
589,19,other,public,post graduate,2.1,81.0,yes,>60 min,no,group study,49.8,29.0,39.5,f,group C,standard,none,54,64,65
57,17,other,public,post graduate,7.5,84.9,no,>60 min,yes,textbook,81.5,79.5,86.2,b,group E,standard,completed,82,85,86
406,17,female,private,high school,1.5,73.7,yes,<15 min,yes,online videos,62.2,36.5,48.6,e,group C,standard,none,63,73,68
443,14,female,public,graduate,1.4,76.5,yes,15-30 min,no,online videos,50.6,40.5,50.8,e,group A,free/reduced,none,59,73,69
758,16,other,public,phd,3.1,87.6,yes,15-30 min,no,coaching,77.4,67.1,59.8,d,group E,free/reduced,completed,70,68,72
998,16,male,public,diploma,4.0,90.2,yes,>60 min,yes,coaching,72.1,65.8,59.6,d,group C,free/reduced,completed,59,71,65
25,18,male,public,no formal,1.4,99.3,yes,<15 min,no,mixed,31.2,57.3,41.4,e,group D,free/reduced,completed,74,71,80
468,17,male,private,diploma,6.7,78.6,yes,15-30 min,no,group study,87.0,82.8,91.4,b,group A,free/reduced,completed,72,67,65
540,14,other,public,post graduate,7.7,64.5,yes,>60 min,yes,textbook,94.4,97.9,94.6,b,group A,standard,completed,97,92,86
532,14,male,public,graduate,7.9,73.4,yes,15-30 min,no,group study,100.0,82.9,92.2,b,group C,standard,none,47,54,53
619,14,other,public,diploma,7.3,81.9,yes,30-60 min,yes,group study,71.0,75.8,83.5,c,group D,standard,none,95,81,84
695,14,other,public,phd,2.5,56.6,yes,>60 min,yes,coaching,52.7,47.9,44.4,e,group C,standard,none,49,63,56
927,17,other,public,diploma,6.6,55.1,yes,<15 min,no,online videos,60.8,72.0,66.7,d,group E,free/reduced,none,64,56,52
339,15,female,public,post graduate,6.3,69.9,yes,15-30 min,no,mixed,77.2,73.8,81.9,c,group B,free/reduced,none,24,38,27
52,15,male,private,graduate,6.7,73.0,yes,15-30 min,no,notes,78.6,99.8,90.4,b,group E,free/reduced,completed,77,69,68
508,15,other,public,diploma,2.0,51.9,no,30-60 min,yes,group study,33.3,52.9,38.5,f,group B,free/reduced,none,55,59,54
517,19,male,public,post graduate,6.5,75.8,yes,30-60 min,yes,textbook,100.0,100.0,92.0,b,group D,standard,none,74,89,84
921,19,other,public,no formal,3.4,64.0,yes,30-60 min,yes,textbook,56.5,57.0,54.0,e,group D,free/reduced,none,69,70,67
782,17,female,public,graduate,4.0,91.9,yes,<15 min,yes,textbook,71.2,89.9,72.0,c,group B,standard,none,77,90,84
265,19,other,public,high school,4.4,99.7,yes,30-60 min,no,online videos,58.8,63.1,75.7,c,group D,standard,none,76,73,68
818,14,female,public,high school,3.0,80.2,yes,>60 min,yes,mixed,62.7,46.9,51.8,e,group D,free/reduced,completed,61,70,76
711,18,other,private,high school,1.2,97.9,no,>60 min,no,textbook,45.5,46.0,44.2,e,group C,standard,completed,93,84,90
683,19,female,public,post graduate,7.4,54.5,yes,>60 min,no,online videos,70.2,78.5,72.2,c,group B,standard,none,62,55,54
833,16,other,private,phd,5.0,54.4,yes,30-60 min,no,textbook,61.7,44.8,57.4,d,group A,standard,none,64,60,58
519,16,female,private,post graduate,2.2,59.7,yes,15-30 min,no,mixed,42.5,17.7,38.1,f,group D,standard,completed,66,78,78
448,19,female,private,diploma,7.4,85.1,yes,>60 min,yes,group study,100.0,97.5,91.5,b,group C,standard,completed,86,81,80
19,19,male,public,post graduate,4.5,73.8,yes,30-60 min,yes,online videos,69.9,58.3,59.2,d,group C,free/reduced,completed,46,42,46
716,18,male,public,post graduate,1.0,81.6,yes,>60 min,no,online videos,48.9,33.0,39.5,f,group B,free/reduced,completed,76,94,87
484,18,female,private,diploma,5.5,60.6,no,30-60 min,yes,coaching,58.9,54.9,66.2,d,group A,standard,none,59,52,46
569,17,male,public,phd,6.2,56.4,yes,<15 min,no,notes,79.5,74.9,78.1,c,group B,free/reduced,none,63,48,47
434,14,female,public,graduate,4.0,86.1,yes,<15 min,yes,notes,42.4,62.8,56.7,d,group A,free/reduced,none,47,59,50
368,15,other,private,no formal,6.1,80.7,yes,>60 min,yes,textbook,78.8,87.3,82.9,c,group C,free/reduced,none,61,66,61
84,18,female,private,post graduate,5.9,55.1,no,<15 min,no,group study,55.2,72.0,69.1,d,group E,standard,none,72,64,63
62,18,male,private,post graduate,7.1,66.8,yes,>60 min,no,online videos,63.1,83.9,85.8,b,group A,free/reduced,none,39,39,34
639,18,other,public,no formal,2.4,83.6,yes,15-30 min,no,coaching,45.8,52.1,59.2,d,group E,standard,none,86,76,74
273,14,other,private,graduate,2.7,97.8,yes,<15 min,no,online videos,45.4,56.2,58.8,d,group D,free/reduced,none,47,53,58
286,19,male,public,diploma,1.9,54.8,yes,30-60 min,no,mixed,34.5,42.5,36.4,f,group B,standard,completed,81,82,82
361,19,female,public,post graduate,2.6,99.0,yes,15-30 min,no,textbook,66.1,91.2,67.5,d,group B,standard,none,58,62,59
355,19,female,private,post graduate,4.1,96.1,no,15-30 min,yes,coaching,79.0,60.4,77.6,c,group C,standard,none,59,71,70
457,14,other,private,graduate,7.1,73.2,yes,30-60 min,no,textbook,92.0,67.4,76.9,c,group D,standard,none,79,89,89
279,14,female,public,high school,4.3,84.4,yes,30-60 min,no,textbook,61.8,71.5,70.7,c,group C,free/reduced,none,65,86,80
13,18,female,private,high school,6.8,58.2,yes,>60 min,no,mixed,80.5,56.2,73.6,c,group B,standard,none,65,81,73
183,16,female,public,high school,4.9,59.8,yes,>60 min,no,coaching,64.1,81.9,73.0,c,group E,standard,none,50,50,47
369,14,other,public,phd,7.2,50.2,yes,<15 min,yes,coaching,82.3,77.3,85.1,b,group A,free/reduced,none,44,64,58
882,19,male,public,no formal,7.0,90.1,yes,15-30 min,yes,mixed,78.2,100.0,88.2,b,group E,standard,completed,71,70,70
616,17,female,private,phd,1.5,52.6,yes,>60 min,no,notes,30.7,50.3,39.5,f,group C,standard,none,60,68,72
224,15,other,public,no formal,5.0,84.0,yes,>60 min,no,coaching,45.8,67.5,69.1,d,group D,standard,none,86,80,75
573,15,female,public,diploma,1.4,78.0,yes,<15 min,yes,mixed,53.2,44.0,52.0,e,group C,standard,none,53,62,56
971,15,other,private,no formal,6.3,70.8,no,30-60 min,yes,textbook,81.3,100.0,83.4,c,group D,standard,none,89,100,100
654,18,other,public,graduate,2.8,89.7,yes,>60 min,yes,group study,43.8,68.4,61.8,d,group A,standard,completed,65,70,74
546,14,male,public,high school,5.2,93.6,yes,30-60 min,no,textbook,79.9,97.3,88.2,b,group E,free/reduced,completed,78,83,80
583,14,male,private,phd,2.5,79.6,no,15-30 min,no,online videos,75.1,67.0,61.8,d,group D,free/reduced,none,63,73,78
634,16,female,private,high school,3.3,59.4,yes,30-60 min,yes,group study,50.9,43.6,52.0,e,group C,standard,none,75,88,85
177,18,other,public,no formal,6.7,90.8,yes,>60 min,no,group study,100.0,99.8,86.1,b,group B,free/reduced,completed,46,54,58
666,18,male,public,no formal,6.0,91.7,yes,>60 min,no,coaching,89.4,90.3,93.7,b,group C,free/reduced,completed,50,60,60
674,14,male,private,phd,0.8,85.2,yes,15-30 min,no,notes,40.5,49.5,33.5,f,group C,standard,completed,65,84,84
586,19,male,private,no formal,1.8,79.4,yes,15-30 min,yes,notes,53.2,55.3,42.7,e,group C,standard,none,65,76,76
874,14,male,public,diploma,3.3,84.5,yes,15-30 min,no,mixed,52.6,69.9,70.1,c,group E,free/reduced,none,90,90,82
394,17,male,private,graduate,7.6,79.9,yes,>60 min,no,coaching,91.6,100.0,94.3,b,group C,standard,completed,57,54,56
164,16,other,private,phd,4.0,92.0,yes,<15 min,yes,textbook,93.9,65.3,71.9,c,group C,standard,none,52,53,49
249,18,other,private,phd,3.4,53.0,yes,30-60 min,no,coaching,31.6,34.5,40.0,e,group B,standard,none,65,64,62
635,15,female,public,phd,3.8,91.9,no,<15 min,yes,group study,63.9,76.2,76.6,c,group D,standard,none,84,84,80
886,18,other,private,high school,4.8,87.0,yes,15-30 min,yes,mixed,63.6,67.6,69.1,d,group C,standard,completed,62,76,80
670,14,female,public,phd,4.9,54.1,yes,>60 min,yes,group study,73.2,51.8,62.7,d,group D,standard,completed,81,72,77
376,14,other,private,phd,2.8,69.8,yes,<15 min,no,notes,48.7,14.4,40.8,e,group E,free/reduced,none,46,43,41
413,15,male,public,graduate,0.9,56.2,yes,>60 min,yes,group study,37.3,24.3,38.3,f,group D,standard,none,71,66,60
75,18,female,private,no formal,4.2,50.2,no,30-60 min,yes,group study,63.2,46.5,51.5,e,group C,standard,none,49,49,41
114,16,male,private,graduate,4.9,89.6,yes,30-60 min,yes,group study,63.6,67.7,74.2,c,group D,standard,none,51,58,54
599,17,male,public,post graduate,5.5,93.9,yes,30-60 min,yes,group study,76.0,67.7,76.7,c,group D,standard,none,69,77,73
962,16,female,public,phd,1.8,83.1,yes,30-60 min,no,mixed,54.9,21.6,39.3,f,group D,free/reduced,none,48,54,53
391,18,male,private,graduate,2.1,71.5,no,15-30 min,yes,notes,63.8,50.8,43.5,e,group E,free/reduced,completed,73,67,59
105,18,other,private,no formal,7.1,63.1,yes,15-30 min,yes,notes,90.8,96.0,86.4,b,group C,standard,completed,98,86,90
115,17,female,public,diploma,4.2,64.8,yes,15-30 min,yes,mixed,64.0,52.8,61.3,d,group E,standard,completed,99,100,100
418,14,female,public,no formal,1.5,53.6,no,<15 min,yes,notes,46.6,31.7,37.6,f,group C,standard,none,74,73,67
526,15,male,public,post graduate,4.3,52.2,yes,30-60 min,no,online videos,60.0,68.4,62.4,d,group E,standard,none,68,60,59
458,17,female,public,high school,4.0,65.2,no,>60 min,yes,group study,60.5,67.8,61.8,d,group D,free/reduced,none,53,54,48
410,14,female,public,post graduate,1.8,85.5,yes,30-60 min,yes,textbook,34.4,31.9,41.0,e,group D,standard,completed,87,84,85
93,19,female,public,post graduate,1.4,91.5,yes,30-60 min,yes,group study,46.1,31.2,41.3,e,group C,standard,none,71,79,71
931,17,male,public,graduate,3.3,58.6,yes,30-60 min,no,group study,45.4,43.9,46.8,e,group C,free/reduced,completed,67,74,70
90,18,female,private,high school,4.5,79.5,yes,<15 min,no,group study,56.1,62.6,63.4,d,group D,standard,none,73,86,82
337,19,female,public,phd,6.9,64.3,yes,30-60 min,yes,online videos,77.4,69.6,77.6,c,group D,standard,completed,76,70,69
989,15,female,public,graduate,4.2,76.3,yes,30-60 min,no,textbook,72.1,80.7,72.5,c,group A,free/reduced,none,44,45,45
922,17,male,private,graduate,0.9,90.8,yes,<15 min,no,notes,30.0,39.2,33.9,f,group C,free/reduced,none,35,53,46
934,17,female,private,graduate,5.3,79.9,yes,<15 min,no,mixed,69.8,54.1,70.9,c,group C,free/reduced,completed,70,75,74
606,17,female,private,diploma,5.2,64.9,yes,15-30 min,no,notes,59.4,87.5,76.1,c,group C,standard,none,75,72,62
594,19,male,public,phd,1.2,70.6,yes,>60 min,yes,group study,43.0,51.7,40.1,e,group E,standard,none,74,76,73
612,16,other,private,diploma,6.1,76.1,yes,<15 min,no,mixed,79.6,84.3,79.4,c,group C,standard,none,58,59,66
95,19,male,private,no formal,4.0,93.9,yes,<15 min,no,group study,93.9,87.6,76.8,c,group B,standard,none,79,86,92
12,19,other,public,post graduate,4.0,96.2,yes,<15 min,yes,notes,54.7,58.0,65.0,d,group D,standard,none,40,52,43
397,14,male,public,high school,2.3,75.6,yes,>60 min,no,coaching,52.7,46.8,50.4,e,group B,free/reduced,none,50,67,63
534,15,other,public,post graduate,5.1,62.7,yes,<15 min,no,notes,72.3,77.2,71.1,c,group E,standard,completed,79,88,94
44,16,female,private,phd,2.3,91.1,yes,30-60 min,no,mixed,56.2,56.4,63.6,d,group B,free/reduced,completed,59,65,66
43,18,female,public,phd,1.1,53.3,yes,15-30 min,no,group study,36.4,29.0,23.7,f,group B,standard,none,53,58,65
330,17,male,private,no formal,6.4,93.1,yes,<15 min,yes,coaching,100.0,90.5,96.0,a,group B,standard,none,41,55,51
168,15,other,private,post graduate,0.8,52.4,yes,15-30 min,no,notes,50.3,27.8,32.4,f,group B,free/reduced,completed,58,76,78
498,16,male,private,diploma,6.3,83.6,yes,15-30 min,no,notes,95.9,86.1,85.3,b,group D,free/reduced,completed,59,78,76
877,17,male,public,phd,6.2,79.8,yes,>60 min,yes,mixed,92.4,94.6,81.6,c,group D,standard,none,81,82,84
598,18,female,public,high school,1.6,87.3,yes,<15 min,no,notes,61.6,46.8,43.6,e,group A,standard,none,53,54,48
757,18,male,public,diploma,1.6,91.8,yes,>60 min,yes,textbook,51.3,50.9,51.9,e,group D,standard,none,55,58,52
101,18,male,public,high school,5.1,55.1,yes,30-60 min,yes,textbook,73.0,74.8,66.8,d,group B,standard,none,79,67,67
427,19,male,public,diploma,6.9,61.0,yes,<15 min,yes,notes,83.5,79.5,73.9,c,group C,standard,none,86,83,86
179,19,male,public,high school,1.5,61.7,yes,30-60 min,no,textbook,28.0,36.3,36.9,f,group B,free/reduced,completed,52,70,62
445,17,male,private,high school,7.3,61.4,no,>60 min,yes,online videos,66.0,67.6,75.7,c,group A,free/reduced,none,79,82,73
417,19,female,private,graduate,4.6,69.0,yes,<15 min,no,notes,80.2,76.2,70.4,c,group C,standard,completed,71,74,68
871,16,male,public,post graduate,3.0,56.9,yes,<15 min,no,online videos,40.9,51.1,52.1,e,group B,standard,none,59,58,47
883,16,other,private,diploma,1.4,59.0,yes,15-30 min,no,textbook,28.5,25.8,34.5,f,group B,free/reduced,none,64,73,71
681,18,other,public,diploma,1.0,76.0,yes,30-60 min,yes,online videos,27.4,33.3,33.2,f,group D,standard,none,67,72,74
178,14,female,public,diploma,4.2,89.5,yes,15-30 min,yes,online videos,62.7,64.5,63.1,d,group C,standard,completed,71,77,77
396,19,other,public,no formal,1.2,77.3,yes,15-30 min,no,notes,48.5,34.6,42.4,e,group A,free/reduced,none,48,45,41
912,15,other,private,graduate,3.6,87.4,yes,>60 min,no,textbook,80.0,77.6,71.7,c,group A,standard,none,69,84,82
794,18,female,private,high school,0.6,93.6,yes,<15 min,yes,online videos,56.2,33.3,43.2,e,group E,standard,completed,89,84,77
961,14,other,public,high school,1.4,67.4,yes,30-60 min,yes,online videos,31.4,25.2,33.2,f,group A,standard,none,56,58,64
685,15,other,private,high school,3.1,80.0,yes,15-30 min,yes,coaching,60.2,58.4,64.9,d,group B,standard,completed,62,66,68
384,15,female,public,post graduate,6.3,67.5,yes,15-30 min,no,group study,91.4,91.5,82.9,c,group E,free/reduced,none,38,49,45
957,16,female,public,graduate,5.8,69.0,yes,30-60 min,yes,notes,63.4,78.8,74.9,c,group C,standard,none,84,87,81
752,14,male,public,post graduate,4.2,59.0,yes,<15 min,no,notes,50.6,43.5,50.1,e,group E,standard,none,68,72,65
258,14,male,public,diploma,1.2,87.5,yes,15-30 min,yes,mixed,46.3,21.7,34.9,f,group C,standard,completed,78,77,77
539,17,other,public,no formal,4.3,89.6,yes,30-60 min,yes,online videos,78.6,72.6,79.2,c,group E,standard,completed,85,66,71
336,18,female,private,post graduate,7.8,53.8,no,<15 min,yes,coaching,69.1,71.1,79.6,c,group B,free/reduced,none,61,68,66
16,18,other,private,post graduate,5.0,94.4,yes,15-30 min,yes,coaching,76.9,76.1,73.7,c,group C,standard,none,69,75,78
325,19,other,public,diploma,1.7,94.6,yes,<15 min,no,group study,65.2,62.3,55.8,d,group C,free/reduced,none,41,46,43
759,14,female,private,diploma,4.9,70.5,yes,15-30 min,no,textbook,62.7,59.3,61.6,d,group D,free/reduced,completed,52,59,65
223,18,male,private,high school,7.7,93.5,yes,<15 min,no,notes,98.9,100.0,99.1,a,group C,free/reduced,none,55,65,62
180,17,female,private,diploma,2.0,71.7,yes,>60 min,yes,textbook,24.3,40.3,43.7,e,group D,standard,completed,97,100,100
984,17,other,public,high school,1.1,99.9,no,<15 min,yes,notes,34.9,63.7,45.4,e,group A,standard,completed,78,87,91
23,15,other,public,high school,1.8,56.2,no,30-60 min,yes,online videos,35.2,19.9,33.5,f,group D,standard,none,44,54,53
357,14,male,public,high school,2.6,89.9,yes,>60 min,no,coaching,56.0,53.7,65.9,d,group A,standard,none,63,61,61
667,17,female,public,phd,2.1,90.1,yes,15-30 min,yes,online videos,52.3,55.4,59.3,d,group C,free/reduced,completed,63,73,71
862,19,male,private,no formal,4.2,73.3,yes,30-60 min,yes,group study,64.7,61.1,62.4,d,group E,free/reduced,none,81,86,87
341,17,female,public,diploma,7.3,89.1,yes,15-30 min,no,textbook,100.0,100.0,100.0,a,group C,free/reduced,none,58,61,52
432,18,male,public,graduate,5.0,99.7,yes,30-60 min,yes,group study,98.0,97.2,85.4,b,group C,standard,none,61,72,70
552,16,female,private,diploma,4.7,87.8,yes,>60 min,yes,online videos,71.5,68.7,73.7,c,group B,free/reduced,completed,87,90,88
834,14,other,public,phd,5.7,68.7,yes,>60 min,no,coaching,88.6,70.6,77.5,c,group B,standard,completed,77,82,89
204,18,other,public,graduate,1.7,60.3,yes,>60 min,yes,notes,40.5,37.8,42.2,e,group B,standard,none,57,69,68
631,18,female,private,high school,6.4,74.1,no,30-60 min,yes,online videos,59.4,88.1,83.2,c,group D,standard,none,67,64,70
94,16,female,public,high school,3.9,86.4,no,30-60 min,no,online videos,49.7,54.7,59.5,d,group C,free/reduced,completed,43,45,50
559,18,female,private,graduate,2.1,77.9,yes,<15 min,no,online videos,29.4,65.3,46.5,e,group B,free/reduced,none,53,70,70
69,14,male,private,high school,1.6,56.9,yes,15-30 min,yes,group study,34.8,35.3,40.8,e,group B,free/reduced,none,61,58,56
623,14,other,private,graduate,4.2,90.0,yes,>60 min,yes,notes,80.0,66.8,70.9,c,group C,free/reduced,completed,58,51,52
285,16,male,private,high school,0.7,96.2,yes,<15 min,yes,notes,60.1,47.1,46.8,e,group B,standard,none,37,46,46
845,14,other,private,no formal,7.7,70.1,yes,15-30 min,yes,coaching,100.0,100.0,95.7,a,group D,free/reduced,completed,40,65,64
435,16,male,public,no formal,2.3,67.7,yes,>60 min,no,coaching,50.8,58.3,52.6,e,group C,standard,none,73,66,66
154,15,other,private,diploma,6.1,82.2,yes,<15 min,yes,mixed,91.6,92.1,87.5,b,group D,standard,none,54,49,47
76,16,other,public,high school,7.3,91.6,yes,>60 min,yes,online videos,100.0,99.1,96.4,a,group B,free/reduced,none,44,41,38
731,18,other,public,graduate,4.2,50.3,yes,15-30 min,yes,online videos,62.5,54.4,58.4,d,group B,free/reduced,completed,68,77,80
447,15,female,private,no formal,2.0,70.8,yes,15-30 min,yes,group study,60.9,57.2,41.9,e,group D,free/reduced,none,69,66,60
189,15,male,private,graduate,5.6,74.9,yes,<15 min,no,notes,72.9,55.4,71.8,c,group B,free/reduced,none,48,52,45
272,14,male,private,high school,6.9,97.9,yes,<15 min,no,group study,100.0,100.0,100.0,a,group C,standard,none,58,49,42
237,17,male,private,graduate,7.8,86.8,no,30-60 min,no,notes,95.5,63.0,87.6,b,group D,free/reduced,none,63,66,67
488,17,other,private,post graduate,7.9,63.9,yes,30-60 min,yes,group study,74.8,84.4,79.3,c,group C,free/reduced,none,60,75,74
118,14,other,private,diploma,1.7,50.2,no,30-60 min,yes,coaching,12.8,40.9,32.1,f,group D,standard,none,78,82,79
944,16,male,public,diploma,1.9,93.2,yes,15-30 min,yes,group study,53.8,37.0,59.8,d,group A,free/reduced,completed,61,62,61
513,19,female,public,high school,7.2,78.0,yes,15-30 min,yes,mixed,77.8,72.7,79.2,c,group D,free/reduced,none,62,49,52
826,14,female,private,no formal,6.1,54.1,yes,<15 min,no,coaching,75.3,71.6,74.7,c,group C,standard,none,62,67,58
592,19,other,public,no formal,3.1,67.0,yes,<15 min,yes,group study,34.7,35.4,44.1,e,group A,standard,none,71,62,50
127,14,male,private,graduate,2.4,76.6,no,30-60 min,no,notes,64.6,67.1,52.7,e,group B,standard,none,72,68,67
117,14,female,private,phd,1.9,88.1,yes,15-30 min,no,mixed,61.8,63.6,54.8,e,group B,free/reduced,none,75,85,82
474,16,other,private,high school,2.1,71.3,yes,<15 min,yes,coaching,39.1,28.8,36.4,f,group D,standard,none,59,67,61
694,19,female,public,post graduate,1.6,52.9,no,15-30 min,yes,textbook,37.7,31.5,38.4,f,group D,standard,none,77,77,73
58,14,female,private,no formal,5.3,76.6,yes,15-30 min,no,online videos,81.5,67.3,76.9,c,group D,standard,none,52,55,49
864,18,female,private,post graduate,6.1,98.5,yes,<15 min,yes,online videos,84.7,88.8,83.4,c,group C,standard,completed,71,71,80
913,16,female,private,post graduate,5.9,81.5,yes,30-60 min,no,notes,65.1,74.7,87.6,b,group C,standard,completed,52,61,66
370,18,male,private,graduate,5.3,65.9,yes,30-60 min,yes,textbook,83.5,58.9,75.5,c,group D,standard,none,73,84,85
269,17,female,private,no formal,5.9,71.5,no,<15 min,no,textbook,94.8,53.4,69.4,d,group D,standard,completed,88,92,95
47,16,other,public,graduate,1.5,96.8,yes,>60 min,no,coaching,29.9,53.9,48.7,e,group A,standard,completed,55,65,62
350,14,female,public,high school,3.1,51.5,yes,>60 min,no,online videos,30.7,41.0,40.1,e,group E,standard,none,87,74,76
196,14,other,private,phd,7.5,86.5,yes,30-60 min,no,coaching,100.0,96.6,93.0,b,group D,standard,none,61,55,52
1000,17,other,public,post graduate,6.4,52.5,no,<15 min,no,group study,78.2,86.8,77.4,c,group D,free/reduced,none,77,86,86
835,19,female,private,high school,6.3,66.8,yes,<15 min,no,coaching,91.8,95.5,78.5,c,group B,standard,none,58,50,45
737,18,other,private,post graduate,3.7,54.9,yes,<15 min,no,coaching,57.2,29.8,49.6,e,group C,standard,none,92,79,84
264,19,other,public,post graduate,2.2,55.2,yes,>60 min,no,group study,38.5,49.4,36.2,f,group E,standard,none,99,93,90
444,16,other,private,post graduate,6.1,85.7,yes,>60 min,no,mixed,97.4,75.1,81.9,c,group B,standard,none,73,83,76
676,18,other,public,no formal,5.4,73.9,yes,>60 min,no,mixed,71.6,60.5,71.7,c,group B,standard,completed,50,64,66
305,17,female,public,high school,3.2,97.7,yes,>60 min,no,mixed,57.8,69.0,64.3,d,group C,standard,completed,74,75,83
342,15,other,public,high school,4.9,71.6,yes,<15 min,yes,online videos,65.2,70.4,62.9,d,group C,standard,none,61,73,63
967,17,female,private,phd,2.1,96.6,yes,>60 min,yes,online videos,60.6,75.5,62.5,d,group A,standard,completed,66,68,64
150,14,male,private,post graduate,4.6,58.0,yes,15-30 min,no,group study,73.1,57.3,61.2,d,group E,free/reduced,completed,100,100,93
125,19,male,private,high school,7.5,77.8,no,<15 min,no,mixed,100.0,76.9,87.1,b,group E,standard,none,83,80,73
787,14,other,private,graduate,2.0,63.1,yes,30-60 min,yes,mixed,61.2,37.3,46.4,e,group E,free/reduced,none,72,79,77
51,18,male,public,phd,4.8,70.3,yes,>60 min,yes,textbook,66.7,82.8,76.2,c,group E,standard,none,53,55,48
354,16,male,public,diploma,2.8,71.0,yes,>60 min,no,mixed,48.0,57.2,49.9,e,group C,standard,none,46,58,57
928,15,other,public,no formal,4.7,54.6,yes,30-60 min,no,mixed,60.6,70.6,67.6,d,group D,free/reduced,completed,65,61,71
143,15,male,private,phd,4.1,92.3,yes,30-60 min,yes,online videos,59.0,66.5,62.0,d,group E,free/reduced,completed,42,55,54
471,18,female,public,phd,1.9,71.8,yes,30-60 min,yes,mixed,42.4,28.9,34.3,f,group C,standard,completed,83,85,90
400,15,female,private,phd,4.9,73.2,yes,30-60 min,yes,notes,60.3,77.5,61.5,d,group D,standard,none,60,59,54
626,15,other,public,graduate,4.6,61.0,yes,>60 min,no,notes,70.4,60.9,70.6,c,group D,standard,completed,100,97,99
321,15,other,private,post graduate,4.3,75.9,yes,>60 min,yes,notes,62.1,87.3,69.2,d,group C,free/reduced,completed,67,79,84
20,16,female,public,post graduate,4.4,59.5,yes,<15 min,no,mixed,53.9,60.4,61.9,d,group C,free/reduced,none,54,58,61
810,19,other,private,diploma,4.7,85.9,yes,<15 min,yes,coaching,51.7,76.0,67.2,d,group B,standard,none,59,54,51
791,14,other,public,graduate,7.8,75.2,yes,<15 min,no,group study,83.7,91.0,88.9,b,group B,standard,none,48,62,60
809,16,female,public,no formal,7.7,98.7,yes,>60 min,yes,mixed,93.0,100.0,100.0,a,group C,standard,none,90,75,69
408,14,female,private,graduate,6.8,74.3,no,15-30 min,no,notes,71.8,89.9,81.6,c,group B,standard,none,82,80,77
538,14,other,public,diploma,1.2,52.9,yes,30-60 min,no,group study,28.1,38.4,36.6,f,group D,standard,none,51,66,62
621,16,other,public,high school,0.6,84.5,yes,15-30 min,no,notes,57.6,43.0,44.8,e,group C,free/reduced,none,35,61,54
39,15,female,private,phd,3.3,88.3,yes,15-30 min,yes,notes,67.4,61.7,66.5,d,group D,free/reduced,completed,75,90,88
176,16,other,private,graduate,2.7,79.5,yes,<15 min,no,notes,52.3,79.3,63.4,d,group C,standard,completed,81,91,87
246,14,male,public,no formal,1.7,91.3,yes,>60 min,yes,coaching,46.6,40.8,44.0,e,group C,standard,none,85,76,71
829,19,other,public,high school,0.6,90.3,no,>60 min,yes,mixed,34.9,30.0,48.6,e,group D,free/reduced,completed,69,86,81
668,19,other,private,diploma,1.2,68.1,no,30-60 min,no,group study,31.7,36.1,38.7,f,group B,free/reduced,none,77,85,87
755,17,male,private,graduate,0.7,85.5,yes,>60 min,no,notes,12.9,28.5,34.5,f,group C,free/reduced,none,58,55,53
859,18,male,public,phd,3.4,69.5,yes,<15 min,no,online videos,59.8,41.2,52.8,e,group B,standard,completed,52,49,46
155,16,female,private,diploma,1.4,85.7,yes,30-60 min,yes,mixed,37.1,55.7,46.8,e,group D,standard,none,62,67,61
288,17,other,public,phd,4.4,65.5,yes,30-60 min,yes,textbook,71.4,71.4,69.3,d,group B,standard,none,67,89,82
603,18,female,private,post graduate,6.7,58.2,yes,15-30 min,no,coaching,61.8,53.0,69.4,d,group E,standard,none,76,78,80
570,17,female,public,diploma,2.7,85.3,yes,<15 min,no,coaching,43.1,32.0,46.6,e,group D,free/reduced,none,68,68,67
744,15,male,public,graduate,1.5,96.3,yes,30-60 min,yes,textbook,38.1,50.1,49.3,e,group C,standard,completed,59,73,72
18,14,female,public,post graduate,0.9,93.2,yes,15-30 min,yes,online videos,50.5,54.1,49.8,e,group B,free/reduced,none,18,32,28
128,18,female,public,no formal,7.0,89.0,yes,>60 min,no,mixed,71.4,71.2,82.6,c,group D,standard,completed,65,77,74
323,17,male,private,diploma,1.0,73.9,yes,30-60 min,yes,coaching,33.8,38.1,35.1,f,group C,standard,none,71,81,80
256,14,other,public,diploma,7.6,56.0,yes,>60 min,no,group study,61.4,71.1,77.6,c,group E,standard,none,62,73,70
658,17,other,private,diploma,1.5,85.0,no,15-30 min,no,online videos,71.0,55.7,51.1,e,group D,standard,none,69,66,61
965,19,female,public,high school,6.6,82.8,yes,30-60 min,yes,textbook,98.5,93.2,95.3,a,group D,standard,none,72,57,58
191,18,other,public,graduate,6.1,93.0,yes,30-60 min,no,group study,92.3,80.2,86.6,b,group E,standard,none,66,65,69
116,17,male,private,phd,0.5,74.0,yes,<15 min,no,textbook,35.1,20.1,37.1,f,group C,standard,none,84,77,74
617,15,male,private,no formal,7.5,99.4,yes,30-60 min,no,online videos,100.0,100.0,100.0,a,group E,standard,none,37,45,38
607,15,other,private,phd,4.5,64.7,no,>60 min,no,textbook,59.9,83.7,69.4,d,group C,standard,none,85,84,82
181,19,male,public,high school,2.7,77.6,yes,30-60 min,yes,coaching,51.5,59.8,49.5,e,group C,free/reduced,completed,62,68,75
302,18,other,public,post graduate,5.9,58.3,yes,15-30 min,no,notes,54.9,73.2,67.6,d,group D,free/reduced,none,56,54,52
760,18,other,private,diploma,7.1,71.3,yes,15-30 min,no,notes,71.4,80.9,93.3,b,group B,standard,completed,69,77,77
713,18,male,private,phd,5.5,89.8,yes,>60 min,no,textbook,95.9,78.6,88.1,b,group D,standard,none,98,100,99
724,14,male,public,phd,6.0,60.8,yes,>60 min,no,group study,78.4,65.1,67.2,d,group C,standard,none,50,48,42
686,18,male,private,post graduate,2.4,69.7,yes,>60 min,no,online videos,44.2,43.3,46.1,e,group E,standard,completed,94,99,100
980,17,other,private,diploma,3.6,78.5,yes,30-60 min,no,coaching,71.7,53.0,59.2,d,group C,standard,none,91,95,94
518,14,female,public,graduate,5.9,65.2,yes,30-60 min,yes,online videos,72.8,74.2,63.9,d,group E,standard,completed,66,74,73
985,17,male,public,graduate,5.8,85.8,yes,<15 min,no,online videos,71.1,69.9,76.6,c,group C,standard,none,74,75,82
46,19,female,private,graduate,7.8,72.4,yes,30-60 min,no,mixed,94.5,88.0,83.5,c,group B,standard,none,65,54,57
910,14,other,public,graduate,3.2,98.5,yes,15-30 min,no,textbook,67.0,49.0,60.3,d,group E,standard,completed,70,64,70
158,17,male,private,no formal,1.0,85.3,no,15-30 min,no,mixed,41.5,27.9,38.4,f,group B,free/reduced,none,60,60,60
852,18,male,public,diploma,3.2,64.5,yes,15-30 min,no,mixed,60.3,52.4,55.6,d,group A,standard,none,61,68,63
172,14,female,private,graduate,7.3,70.9,yes,15-30 min,yes,group study,84.2,97.3,86.7,b,group E,standard,none,94,88,78
17,17,other,private,phd,2.3,67.3,yes,<15 min,yes,mixed,46.3,57.1,53.5,e,group C,standard,none,88,89,86
512,18,other,public,graduate,3.4,51.9,yes,<15 min,yes,coaching,64.6,37.9,44.8,e,group A,standard,none,64,50,43
49,18,male,private,post graduate,1.3,89.0,yes,15-30 min,yes,coaching,26.9,32.6,37.5,f,group D,free/reduced,completed,57,74,76
972,16,male,private,phd,5.5,95.9,yes,<15 min,no,notes,71.1,84.9,75.8,c,group C,standard,completed,78,72,69
941,18,female,private,high school,4.9,64.5,yes,30-60 min,no,textbook,72.8,67.4,66.3,d,group C,free/reduced,completed,72,66,72
516,14,male,public,phd,5.4,76.3,yes,30-60 min,yes,notes,82.6,69.0,72.1,c,group C,standard,completed,76,87,85
953,17,other,public,graduate,7.1,57.0,no,15-30 min,no,mixed,78.4,77.2,76.0,c,group E,free/reduced,none,74,74,72
481,15,female,private,post graduate,2.5,80.8,yes,30-60 min,yes,mixed,41.1,35.5,48.8,e,group B,standard,completed,73,71,68
284,16,other,private,diploma,0.9,76.0,yes,15-30 min,yes,mixed,29.6,44.1,28.0,f,group D,free/reduced,completed,70,78,78
719,15,male,private,graduate,1.3,63.0,yes,30-60 min,no,textbook,39.7,8.6,28.7,f,group C,standard,none,76,76,74
878,18,male,private,post graduate,4.4,54.1,yes,>60 min,yes,group study,46.3,58.6,50.1,e,group C,standard,none,57,61,54
226,15,other,private,diploma,5.2,99.9,yes,>60 min,yes,online videos,95.9,78.3,85.6,b,group E,free/reduced,none,45,56,54
27,16,other,public,post graduate,5.9,74.9,yes,15-30 min,no,textbook,92.8,86.9,82.5,c,group B,standard,none,69,54,55
955,18,female,private,phd,2.2,85.6,yes,30-60 min,yes,textbook,50.4,46.6,50.4,e,group C,standard,none,62,69,69
438,19,other,public,high school,2.5,51.1,yes,<15 min,yes,textbook,48.8,38.2,40.5,e,group D,free/reduced,none,75,66,73
952,15,other,private,graduate,6.9,59.0,yes,>60 min,yes,mixed,90.0,80.2,85.1,b,group D,standard,completed,75,77,83
365,14,female,private,graduate,6.1,97.4,yes,<15 min,no,online videos,79.5,62.7,79.7,c,group C,standard,none,59,60,58
230,15,female,public,post graduate,3.9,58.5,yes,>60 min,yes,mixed,71.6,47.1,44.6,e,group C,standard,completed,88,95,94
38,18,female,public,high school,4.2,91.3,yes,15-30 min,no,notes,73.5,61.7,79.0,c,group D,free/reduced,none,50,64,59
966,17,other,private,post graduate,5.7,61.1,yes,30-60 min,yes,group study,77.1,61.6,72.1,c,group D,standard,none,62,70,72
375,19,female,private,graduate,1.7,76.8,yes,30-60 min,no,group study,43.5,47.9,37.8,f,group D,standard,none,59,70,73
470,19,other,public,phd,1.3,96.1,yes,>60 min,no,coaching,34.7,38.1,51.0,e,group C,standard,none,91,74,76
968,15,other,public,graduate,1.0,76.1,yes,>60 min,no,online videos,33.1,21.1,41.1,e,group C,standard,none,63,63,60
851,19,male,private,high school,6.0,72.8,yes,30-60 min,no,textbook,58.3,71.3,68.6,d,group C,standard,none,71,67,67
705,14,male,private,no formal,1.1,55.0,yes,15-30 min,no,textbook,19.9,14.2,26.0,f,group B,free/reduced,completed,59,63,64
842,17,female,private,phd,0.8,96.4,yes,15-30 min,no,coaching,37.8,48.1,37.5,f,group C,standard,none,64,58,51
195,19,female,private,no formal,1.9,51.1,yes,<15 min,yes,online videos,36.9,36.8,32.5,f,group C,standard,completed,69,84,85
855,15,other,public,diploma,1.5,64.9,yes,15-30 min,no,notes,37.1,13.4,34.1,f,group C,standard,none,62,64,55
865,19,other,private,post graduate,2.5,89.5,yes,>60 min,yes,mixed,64.1,39.4,52.1,e,group C,standard,none,97,93,91
504,19,male,public,post graduate,2.4,68.0,yes,<15 min,yes,textbook,49.6,30.4,38.4,f,group E,standard,completed,95,89,92
970,14,other,public,phd,3.3,78.3,yes,>60 min,no,textbook,72.9,62.0,62.9,d,group B,standard,none,75,84,80
831,15,other,public,diploma,4.1,83.0,yes,30-60 min,yes,online videos,53.4,64.6,65.3,d,group A,free/reduced,none,61,60,57
580,14,male,public,graduate,3.9,50.8,no,30-60 min,yes,online videos,64.7,58.4,59.6,d,group D,standard,none,53,61,68
969,19,female,public,high school,3.4,61.0,yes,30-60 min,yes,group study,33.6,40.6,42.3,e,group E,standard,none,68,76,67
163,16,other,private,diploma,0.6,72.8,yes,30-60 min,yes,group study,13.9,45.8,37.8,f,group B,free/reduced,none,49,53,52
909,16,female,private,no formal,3.6,66.8,yes,<15 min,no,mixed,62.7,35.3,50.6,e,group C,free/reduced,none,67,75,72
153,19,female,public,diploma,0.8,56.3,yes,>60 min,no,notes,26.2,14.7,22.6,f,group B,standard,completed,59,70,66
802,15,female,public,no formal,6.3,94.2,yes,>60 min,yes,notes,72.5,100.0,82.5,c,group C,standard,completed,76,80,73
994,16,male,private,no formal,3.1,70.1,yes,15-30 min,no,notes,46.4,33.8,47.8,e,group D,free/reduced,none,62,72,74
756,16,other,public,no formal,1.5,52.6,yes,>60 min,no,notes,25.0,49.6,28.0,f,group E,standard,none,84,95,92
112,18,other,private,high school,7.7,59.3,yes,30-60 min,yes,online videos,85.1,76.7,88.9,b,group C,standard,none,62,55,49
227,18,female,private,phd,3.7,67.4,yes,30-60 min,no,group study,56.3,52.6,63.1,d,group C,standard,none,72,72,71
689,16,other,private,no formal,3.6,69.1,yes,<15 min,yes,online videos,53.4,96.7,60.5,d,group A,free/reduced,none,53,58,44
104,14,other,private,graduate,7.1,74.5,yes,30-60 min,no,online videos,75.6,89.0,81.9,c,group B,standard,completed,60,44,47
422,18,female,private,graduate,6.9,75.6,yes,>60 min,yes,online videos,89.0,76.0,80.4,c,group D,standard,completed,57,58,64
420,17,female,private,high school,2.3,76.3,yes,>60 min,no,online videos,47.9,62.9,58.8,d,group E,free/reduced,completed,57,56,54
751,19,other,public,high school,2.0,69.9,yes,<15 min,yes,group study,67.0,48.5,43.9,e,group D,standard,completed,71,69,68
587,18,other,public,no formal,4.5,51.8,yes,<15 min,yes,mixed,49.9,59.3,56.7,d,group A,standard,none,55,73,73
781,19,male,private,diploma,2.3,93.0,yes,<15 min,yes,group study,69.1,48.2,59.7,d,group D,free/reduced,none,46,56,57
673,17,male,public,post graduate,6.2,66.8,yes,<15 min,yes,online videos,78.5,78.1,80.2,c,group C,standard,none,69,78,76
120,14,other,public,phd,7.6,73.1,yes,15-30 min,no,online videos,79.1,72.6,81.9,c,group C,standard,none,55,69,65
54,16,other,public,post graduate,6.3,91.4,no,>60 min,yes,coaching,93.3,85.2,88.4,b,group D,standard,none,88,78,75
152,15,other,private,graduate,2.1,77.5,yes,30-60 min,no,group study,37.9,45.6,39.3,f,group A,standard,none,77,67,68
404,19,female,public,diploma,5.9,89.1,no,30-60 min,yes,notes,81.1,92.8,88.2,b,group D,standard,completed,88,99,100
946,14,female,private,graduate,0.8,88.4,yes,>60 min,yes,notes,39.5,47.2,32.5,f,group C,standard,none,54,61,58
208,19,female,public,graduate,3.7,52.6,yes,15-30 min,yes,mixed,60.5,66.4,57.8,d,group E,standard,completed,81,80,76
659,14,female,private,post graduate,3.8,62.0,yes,30-60 min,no,coaching,72.7,59.9,64.3,d,group D,free/reduced,none,43,60,58
844,14,female,public,high school,2.5,84.4,yes,>60 min,no,textbook,24.1,47.6,52.2,e,group B,free/reduced,completed,74,77,76
763,19,female,public,phd,2.2,69.4,yes,30-60 min,no,mixed,37.5,47.1,39.3,f,group D,standard,completed,78,81,86
9,15,other,private,high school,3.2,89.6,yes,15-30 min,yes,mixed,59.5,38.3,55.2,d,group D,free/reduced,completed,64,64,67
808,14,female,private,post graduate,6.6,63.4,yes,>60 min,yes,textbook,85.6,83.7,80.0,c,group E,free/reduced,none,41,45,40
37,19,other,public,diploma,0.6,82.1,yes,>60 min,no,coaching,43.5,35.0,42.0,e,group D,standard,none,74,81,83
453,16,other,private,graduate,5.1,79.9,yes,<15 min,yes,notes,75.3,68.6,75.3,c,group C,free/reduced,none,65,77,74
652,17,male,public,post graduate,6.0,51.5,yes,<15 min,no,online videos,66.6,72.2,75.2,c,group A,standard,completed,68,80,76
254,15,other,private,diploma,5.5,70.4,no,15-30 min,yes,notes,82.2,61.5,63.2,d,group D,standard,none,80,80,72
304,19,male,private,high school,4.5,79.9,no,>60 min,yes,textbook,82.6,65.9,73.2,c,group B,standard,none,80,76,64
747,17,other,private,graduate,2.7,83.7,yes,15-30 min,no,group study,53.7,58.7,62.7,d,group D,standard,none,69,75,71
572,16,other,public,graduate,6.6,56.4,yes,15-30 min,yes,online videos,87.3,80.3,71.8,c,group A,standard,none,91,96,92
624,16,female,private,post graduate,3.1,58.1,no,15-30 min,yes,notes,43.6,36.5,48.5,e,group A,standard,completed,100,96,86
733,19,male,private,high school,1.3,92.1,yes,30-60 min,yes,mixed,48.9,51.3,54.9,e,group C,standard,completed,87,89,94
892,18,male,public,diploma,3.3,52.2,yes,<15 min,no,mixed,36.1,38.5,47.6,e,group E,standard,none,85,92,85
263,15,female,private,phd,7.8,64.4,no,30-60 min,no,coaching,98.5,87.4,86.1,b,group C,free/reduced,none,44,50,51
611,19,other,private,phd,3.8,80.7,yes,30-60 min,yes,notes,58.2,59.5,52.8,e,group D,free/reduced,completed,69,60,63
298,16,male,public,high school,2.4,53.8,yes,>60 min,yes,notes,44.9,35.6,48.5,e,group E,standard,completed,71,74,68
415,14,female,public,phd,6.2,99.3,yes,>60 min,no,online videos,97.4,95.1,80.8,c,group C,free/reduced,completed,51,72,79
151,19,other,public,high school,2.0,70.8,yes,30-60 min,no,group study,30.8,32.8,36.9,f,group A,standard,completed,62,67,69
789,17,other,public,graduate,7.3,74.9,yes,30-60 min,yes,textbook,100.0,96.8,97.1,a,group C,free/reduced,none,68,65,61
641,18,other,private,high school,7.5,93.0,yes,15-30 min,no,mixed,90.8,97.5,94.5,b,group D,standard,none,41,52,51
890,15,female,private,post graduate,5.9,80.9,yes,15-30 min,no,online videos,62.4,81.1,71.7,c,group D,free/reduced,none,44,51,48
551,18,other,private,phd,3.6,86.1,yes,30-60 min,no,coaching,48.3,58.3,68.0,d,group C,free/reduced,none,79,76,65
887,14,male,public,diploma,7.4,63.1,yes,>60 min,no,online videos,91.6,73.0,83.3,c,group E,standard,completed,93,100,95
489,18,male,public,post graduate,4.0,86.4,yes,30-60 min,yes,textbook,57.7,51.8,68.2,d,group B,standard,completed,64,53,57
148,15,female,private,diploma,5.0,93.8,yes,15-30 min,yes,coaching,77.1,74.9,71.7,c,group C,free/reduced,none,73,68,66
147,14,male,private,graduate,6.2,83.7,no,30-60 min,yes,mixed,78.5,82.8,84.5,c,group B,standard,none,88,84,75
721,14,other,private,high school,3.1,64.1,yes,>60 min,yes,textbook,57.0,59.1,60.1,d,group C,free/reduced,none,62,72,70
932,18,other,public,graduate,3.7,79.9,yes,15-30 min,yes,notes,50.7,61.7,54.8,e,group D,free/reduced,none,62,57,62
740,19,other,public,post graduate,3.1,60.3,no,>60 min,yes,notes,56.1,71.6,53.2,e,group C,free/reduced,none,61,60,55
660,15,male,public,no formal,0.8,58.4,no,>60 min,no,notes,15.3,25.0,23.9,f,group D,standard,none,90,87,85
349,15,female,private,phd,3.5,60.9,yes,<15 min,yes,online videos,54.1,38.2,53.1,e,group D,free/reduced,none,75,74,66
464,16,female,private,phd,3.6,98.7,yes,>60 min,no,textbook,50.5,59.0,61.9,d,group C,free/reduced,none,77,90,91
326,15,female,private,post graduate,2.5,86.8,yes,>60 min,yes,mixed,38.4,48.7,46.2,e,group C,standard,none,82,90,94
187,14,male,private,high school,0.7,99.5,yes,30-60 min,no,coaching,49.6,46.3,44.7,e,group E,standard,none,80,76,65
124,16,male,private,diploma,6.7,61.0,yes,>60 min,no,group study,86.2,80.0,87.8,b,group D,free/reduced,none,63,57,56
854,15,male,private,no formal,3.8,63.6,yes,30-60 min,no,coaching,63.3,53.4,57.4,d,group E,standard,none,82,67,61
609,19,male,public,diploma,2.7,83.0,yes,15-30 min,no,notes,52.5,37.0,45.1,e,group E,standard,none,61,64,62
144,16,other,private,diploma,7.7,56.0,yes,<15 min,no,mixed,91.3,92.0,78.7,c,group A,standard,none,57,43,47
959,19,female,private,phd,5.1,61.1,yes,15-30 min,yes,group study,59.7,52.6,55.4,d,group D,standard,none,45,63,59
198,14,female,private,graduate,6.4,80.0,yes,30-60 min,yes,coaching,92.6,94.7,90.7,b,group E,free/reduced,none,55,56,51
610,19,male,public,high school,0.7,79.0,no,30-60 min,no,notes,16.9,16.5,27.3,f,group B,standard,none,58,63,65
280,14,female,public,post graduate,3.5,73.5,yes,>60 min,yes,textbook,64.0,60.3,56.5,d,group B,free/reduced,none,73,56,57
294,15,male,private,post graduate,3.8,58.3,yes,<15 min,no,mixed,59.1,36.1,55.9,d,group E,standard,none,65,73,75
401,19,other,public,diploma,2.7,79.7,yes,30-60 min,no,online videos,54.9,52.5,55.0,e,group C,standard,completed,59,54,67
123,17,male,private,diploma,7.9,93.8,yes,>60 min,yes,coaching,100.0,95.8,98.4,a,group C,standard,completed,88,93,93
184,18,other,private,diploma,7.7,56.6,yes,30-60 min,no,textbook,89.3,98.0,81.5,c,group D,standard,none,65,69,70
203,16,male,public,high school,7.8,90.9,yes,15-30 min,no,mixed,92.8,100.0,100.0,a,group C,standard,none,69,77,69
439,14,female,private,phd,5.9,72.1,yes,15-30 min,no,textbook,91.1,77.6,81.7,c,group C,standard,none,70,56,51
247,18,other,public,post graduate,4.2,70.6,yes,30-60 min,no,notes,71.9,55.9,69.1,d,group E,standard,none,89,76,74
416,18,female,private,high school,3.4,80.9,yes,30-60 min,no,mixed,65.3,51.6,55.1,d,group E,standard,none,84,73,69
933,15,other,private,graduate,5.4,89.1,yes,>60 min,no,coaching,88.6,87.8,83.0,c,group D,free/reduced,completed,61,71,73
766,18,male,private,diploma,2.1,77.5,no,15-30 min,yes,textbook,54.2,57.9,52.6,e,group B,standard,none,74,72,72
907,16,male,public,post graduate,1.7,55.2,yes,15-30 min,yes,coaching,33.6,36.9,42.2,e,group B,standard,none,57,48,51
836,18,male,private,high school,5.8,99.1,yes,15-30 min,yes,notes,95.9,80.9,86.9,b,group C,standard,completed,60,64,74
888,15,female,public,graduate,0.7,86.0,no,<15 min,yes,mixed,37.4,35.3,38.9,f,group C,free/reduced,none,54,72,59
130,17,male,private,graduate,5.9,73.9,yes,15-30 min,yes,textbook,66.8,92.5,81.1,c,group A,standard,none,51,49,51
638,15,other,public,post graduate,0.7,79.7,no,<15 min,no,textbook,33.4,36.0,41.2,e,group D,standard,completed,80,92,88
403,15,male,private,no formal,3.5,70.2,yes,>60 min,yes,notes,59.7,46.0,56.1,d,group A,free/reduced,none,49,65,55
785,16,female,public,diploma,3.4,79.5,yes,15-30 min,no,textbook,63.5,77.8,65.5,d,group C,standard,completed,91,81,79
771,17,female,private,post graduate,2.1,66.5,yes,15-30 min,no,coaching,28.3,28.5,33.9,f,group B,standard,none,52,48,49
736,18,male,private,graduate,5.0,84.0,yes,<15 min,yes,notes,84.1,69.3,71.4,c,group C,standard,none,67,57,59
914,19,female,private,post graduate,0.9,92.6,no,<15 min,no,coaching,22.7,30.0,40.7,e,group C,free/reduced,completed,47,62,66
220,19,other,private,high school,3.0,52.7,yes,15-30 min,no,textbook,49.2,42.7,47.3,e,group B,standard,completed,61,56,56
642,19,female,private,high school,0.9,82.9,yes,<15 min,yes,notes,4.2,53.2,33.5,f,group D,free/reduced,completed,74,88,90
916,16,male,public,high school,6.8,90.3,yes,<15 min,no,coaching,94.0,96.4,88.3,b,group E,standard,none,68,70,66
753,14,male,private,diploma,4.2,57.6,yes,30-60 min,no,group study,65.0,30.5,46.8,e,group C,free/reduced,completed,79,77,75
807,17,female,private,diploma,4.9,56.2,yes,30-60 min,yes,notes,71.5,72.0,70.1,c,group D,free/reduced,none,64,74,75
920,17,other,public,phd,7.5,82.7,yes,15-30 min,yes,coaching,88.4,75.6,84.6,c,group B,standard,completed,91,96,91
625,17,other,private,post graduate,7.3,58.2,yes,>60 min,yes,textbook,89.2,79.5,81.6,c,group E,free/reduced,none,61,58,62
875,18,other,public,diploma,5.8,63.0,yes,>60 min,no,coaching,61.3,68.7,65.6,d,group C,free/reduced,none,43,62,61
761,15,male,private,no formal,2.2,83.9,no,>60 min,no,mixed,55.5,40.4,51.2,e,group C,free/reduced,none,53,72,64
387,14,other,private,diploma,7.4,97.1,yes,30-60 min,no,textbook,92.9,90.5,93.7,b,group E,standard,none,64,73,70
973,16,other,public,no formal,7.0,65.5,no,<15 min,yes,mixed,90.9,79.1,74.0,c,group A,free/reduced,completed,53,50,60
510,15,female,public,high school,5.7,77.5,yes,30-60 min,no,online videos,82.6,74.1,80.3,c,group C,standard,none,86,92,87
268,16,female,private,high school,6.9,59.4,yes,30-60 min,yes,online videos,63.0,80.2,72.6,c,group D,standard,none,69,72,77
820,19,female,public,diploma,7.0,98.0,yes,>60 min,no,coaching,100.0,98.9,96.3,a,group C,standard,none,77,91,88
442,15,male,public,diploma,4.2,78.0,no,<15 min,no,group study,62.6,61.2,61.8,d,group D,standard,none,78,81,80
497,14,male,public,no formal,3.0,86.2,yes,>60 min,yes,mixed,41.9,56.8,54.9,e,group C,standard,none,54,48,52
113,17,male,public,diploma,1.4,64.3,yes,>60 min,no,group study,43.7,43.6,35.7,f,group A,standard,none,54,53,47
692,18,male,private,post graduate,6.6,53.3,yes,<15 min,yes,group study,69.5,81.2,68.9,d,group E,free/reduced,none,73,76,78
233,14,female,public,no formal,1.3,85.2,yes,30-60 min,yes,textbook,46.2,50.7,39.7,f,group B,standard,none,67,86,83
870,14,female,public,diploma,5.6,83.6,yes,15-30 min,no,coaching,79.3,75.8,69.4,d,group C,free/reduced,none,49,51,51
608,17,female,public,phd,5.5,58.5,no,<15 min,yes,notes,80.2,77.8,65.3,d,group C,free/reduced,none,40,58,54
672,17,female,public,high school,2.2,74.8,yes,<15 min,no,group study,36.3,34.1,39.2,f,group D,free/reduced,none,52,57,50
374,16,female,public,diploma,7.2,59.5,yes,15-30 min,yes,online videos,100.0,98.7,82.2,c,group D,standard,completed,82,97,96
982,18,female,private,graduate,5.9,75.8,no,15-30 min,no,coaching,64.2,70.1,70.5,c,group D,standard,none,81,78,78
843,19,other,public,high school,6.2,57.2,no,15-30 min,no,online videos,80.7,68.3,72.7,c,group B,free/reduced,completed,23,44,36
234,18,male,public,diploma,4.4,55.6,yes,15-30 min,no,textbook,45.5,50.3,52.6,e,group E,standard,none,92,87,78
786,17,male,private,graduate,7.5,88.1,yes,<15 min,yes,mixed,81.6,87.3,85.3,b,group B,standard,completed,32,51,44
677,17,female,public,no formal,6.7,71.8,yes,30-60 min,yes,mixed,82.6,100.0,92.0,b,group E,standard,completed,73,78,76
318,18,male,private,graduate,2.9,91.2,yes,<15 min,no,coaching,39.6,70.0,50.5,e,group C,standard,none,83,72,78
649,19,female,private,post graduate,6.4,54.8,yes,15-30 min,yes,online videos,80.1,65.9,65.7,d,group B,standard,none,50,53,55
411,15,other,private,no formal,5.6,52.1,yes,<15 min,yes,group study,58.2,55.2,58.3,d,group D,standard,completed,70,71,74
899,14,female,public,no formal,7.0,92.3,yes,15-30 min,yes,notes,100.0,92.3,97.0,a,group D,standard,completed,67,54,63
710,16,male,public,diploma,2.8,92.2,yes,30-60 min,yes,textbook,49.3,45.0,53.4,e,group D,free/reduced,completed,42,61,58
359,14,female,public,graduate,2.1,91.8,no,15-30 min,yes,mixed,57.3,76.4,60.3,d,group D,free/reduced,none,59,62,61
259,15,female,public,diploma,4.6,51.1,yes,<15 min,yes,textbook,56.7,45.3,58.4,d,group B,standard,none,70,75,78
745,18,other,private,high school,1.8,77.5,yes,>60 min,no,group study,46.3,53.0,43.1,e,group B,free/reduced,none,55,55,47
628,16,male,private,graduate,5.2,67.9,yes,<15 min,yes,coaching,69.8,62.9,71.0,c,group D,standard,none,61,48,46
633,16,male,public,high school,4.8,83.7,yes,30-60 min,yes,group study,75.2,75.5,63.1,d,group B,standard,completed,66,74,81
283,18,other,private,no formal,7.1,70.6,yes,<15 min,no,textbook,89.6,76.3,76.3,c,group D,free/reduced,none,73,79,84
377,18,female,private,high school,5.6,99.5,yes,15-30 min,yes,coaching,63.7,85.1,80.5,c,group D,standard,none,80,90,82
385,14,female,private,high school,7.4,59.1,yes,15-30 min,no,mixed,88.2,66.9,83.0,c,group A,free/reduced,none,38,43,43
225,18,male,private,post graduate,6.0,80.6,yes,15-30 min,yes,textbook,91.5,82.8,77.4,c,group B,standard,completed,52,66,73
954,16,other,public,high school,7.0,56.1,yes,15-30 min,yes,notes,72.9,78.6,82.2,c,group C,standard,completed,58,52,54
815,18,other,private,diploma,7.7,53.6,yes,15-30 min,no,online videos,93.4,80.1,91.8,b,group C,standard,none,72,80,83
473,16,female,private,no formal,4.6,94.6,yes,30-60 min,yes,notes,89.0,83.0,82.8,c,group C,standard,completed,68,86,84
348,19,female,private,post graduate,7.9,82.0,yes,15-30 min,no,textbook,100.0,93.9,99.6,a,group C,standard,completed,77,94,95
506,16,other,private,high school,1.0,66.5,yes,30-60 min,yes,group study,28.5,35.6,42.0,e,group B,standard,none,82,82,80
640,19,female,public,diploma,7.9,86.8,yes,<15 min,yes,group study,100.0,98.0,99.2,a,group D,standard,none,76,74,73
988,15,other,public,no formal,5.2,64.8,no,30-60 min,yes,textbook,76.0,85.3,77.1,c,group E,standard,completed,81,75,76
929,16,female,public,post graduate,4.0,97.6,yes,15-30 min,yes,coaching,61.9,72.1,66.3,d,group E,free/reduced,completed,46,43,44
906,18,other,private,phd,0.5,94.8,yes,<15 min,yes,group study,56.1,33.2,50.3,e,group D,standard,none,88,77,77
620,14,male,public,diploma,1.9,78.5,yes,15-30 min,yes,group study,47.5,21.1,37.1,f,group C,free/reduced,completed,65,73,68
856,19,female,private,post graduate,6.3,78.9,yes,15-30 min,no,online videos,83.6,76.8,85.2,b,group B,standard,none,97,97,96
804,19,female,public,high school,4.1,95.8,yes,<15 min,yes,notes,72.9,76.4,75.4,c,group B,standard,none,82,85,87
646,15,male,public,diploma,7.4,54.2,yes,<15 min,no,notes,91.3,69.8,84.1,c,group B,standard,completed,65,81,81
847,14,other,public,diploma,1.2,91.2,yes,15-30 min,yes,group study,49.1,50.9,40.4,e,group C,standard,completed,91,85,85
557,18,female,private,no formal,0.6,50.5,yes,>60 min,yes,textbook,0.0,1.0,27.3,f,group C,standard,completed,55,72,79
958,17,other,public,no formal,4.5,55.3,yes,15-30 min,yes,coaching,71.8,71.0,66.8,d,group D,standard,none,92,100,100
578,17,female,private,post graduate,2.5,69.4,yes,<15 min,no,textbook,60.8,28.2,50.1,e,group B,standard,none,81,91,89
796,15,male,public,no formal,4.7,53.7,yes,30-60 min,no,group study,59.7,69.2,66.1,d,group E,free/reduced,completed,57,68,73
86,18,female,public,graduate,0.9,82.4,yes,>60 min,no,online videos,45.7,45.0,43.9,e,group C,standard,none,73,80,82
243,14,male,public,diploma,3.4,79.5,no,<15 min,no,online videos,67.8,74.7,64.0,d,group D,standard,none,56,52,55
699,14,male,private,post graduate,3.1,68.6,no,15-30 min,no,coaching,68.4,48.9,57.5,d,group D,standard,completed,57,78,79
160,18,female,public,post graduate,7.0,60.6,yes,<15 min,yes,group study,71.7,77.0,86.0,b,group D,free/reduced,none,66,62,64
525,15,other,public,diploma,1.5,51.9,yes,15-30 min,yes,textbook,13.7,25.7,26.1,f,group C,standard,completed,53,52,49
36,14,other,private,diploma,8.0,50.2,yes,30-60 min,no,online videos,99.8,100.0,90.4,b,group E,standard,completed,81,81,79
541,18,female,private,phd,5.4,66.1,yes,>60 min,no,mixed,69.4,60.3,68.7,d,group C,standard,completed,75,69,68
171,14,other,public,diploma,2.1,76.2,no,<15 min,no,mixed,33.5,38.2,39.6,f,group A,standard,completed,72,73,74
655,17,female,private,no formal,5.4,64.7,yes,>60 min,no,group study,69.1,80.6,71.9,c,group B,standard,none,73,79,79
891,14,male,private,graduate,6.3,89.3,yes,<15 min,yes,mixed,85.7,92.8,77.9,c,group E,standard,completed,86,85,91
858,14,male,public,diploma,5.0,96.0,yes,>60 min,yes,online videos,81.0,92.7,79.5,c,group C,standard,none,65,79,81
848,14,female,public,graduate,1.9,63.1,yes,30-60 min,no,mixed,32.3,51.5,44.9,e,group D,standard,none,64,54,50
945,14,female,private,phd,4.2,95.4,yes,30-60 min,no,coaching,62.1,68.4,65.6,d,group B,standard,none,58,68,61
734,18,male,private,post graduate,2.7,58.3,yes,30-60 min,yes,notes,37.8,26.3,40.4,e,group D,standard,none,55,47,44
96,15,male,public,no formal,6.8,59.2,yes,30-60 min,no,notes,79.9,88.2,87.9,b,group C,free/reduced,completed,78,81,82
564,15,male,public,no formal,4.5,81.0,yes,<15 min,yes,textbook,62.4,64.6,61.3,d,group D,free/reduced,completed,63,80,80
241,14,female,public,diploma,0.6,81.0,yes,>60 min,no,online videos,19.4,28.1,36.1,f,group D,free/reduced,completed,73,68,66
743,17,other,public,post graduate,6.3,61.2,yes,<15 min,yes,notes,95.7,86.7,80.6,c,group C,standard,none,81,84,82
575,14,other,public,graduate,3.0,64.6,no,<15 min,no,notes,60.5,72.7,55.7,d,group E,standard,none,74,81,71
691,19,male,private,post graduate,3.9,85.8,yes,>60 min,no,mixed,53.9,54.8,59.0,d,group C,standard,none,49,53,53
461,18,other,public,phd,6.2,88.5,yes,<15 min,yes,online videos,80.9,92.0,86.9,b,group C,free/reduced,none,53,58,55
554,15,male,public,post graduate,3.7,79.2,yes,<15 min,no,group study,57.4,33.1,54.9,e,group D,free/reduced,none,77,62,64
889,14,female,public,diploma,7.1,72.9,yes,<15 min,yes,online videos,100.0,85.9,92.5,b,group D,free/reduced,none,69,65,74
207,18,female,private,diploma,4.8,89.7,yes,15-30 min,no,mixed,82.3,71.1,80.2,c,group E,standard,none,82,62,62
393,16,male,private,post graduate,1.5,72.6,yes,<15 min,no,group study,53.8,45.1,47.9,e,group E,standard,none,76,67,67
795,16,male,public,diploma,2.6,82.9,no,30-60 min,yes,textbook,44.5,54.8,50.2,e,group B,standard,none,42,52,51
398,15,male,public,high school,0.9,59.1,yes,30-60 min,yes,coaching,37.5,32.7,32.1,f,group C,standard,none,85,89,95
767,17,other,public,no formal,7.4,62.3,yes,15-30 min,no,notes,96.0,98.4,94.1,b,group C,standard,completed,58,75,77
849,18,male,public,graduate,6.1,75.0,yes,>60 min,yes,mixed,80.7,94.7,79.6,c,group C,standard,none,59,72,68
218,14,male,public,graduate,0.6,70.9,yes,<15 min,no,textbook,47.9,35.1,43.0,e,group C,free/reduced,none,34,42,39
5,16,female,public,high school,1.3,61.0,yes,30-60 min,yes,group study,32.7,30.0,25.4,f,group C,standard,none,76,78,75
769,14,male,private,high school,1.3,85.9,yes,15-30 min,yes,mixed,22.7,40.2,35.4,f,group D,standard,none,68,71,75
643,19,female,public,high school,7.8,76.6,yes,15-30 min,yes,coaching,74.2,89.6,86.3,b,group B,free/reduced,none,72,81,79
930,17,male,private,diploma,6.1,86.3,yes,15-30 min,no,group study,61.1,66.3,74.9,c,group C,free/reduced,none,48,56,51
613,18,female,private,diploma,7.4,61.0,yes,30-60 min,no,notes,76.7,87.9,79.4,c,group C,standard,completed,94,90,91
739,18,other,private,high school,1.2,61.4,no,<15 min,no,notes,43.8,43.2,41.3,e,group D,standard,none,81,71,73
547,16,other,public,diploma,4.3,59.1,no,30-60 min,yes,notes,62.3,71.0,67.4,d,group A,standard,completed,92,100,97
726,14,male,private,phd,4.1,65.1,yes,>60 min,yes,online videos,44.8,58.2,51.7,e,group E,standard,completed,81,74,71
684,19,male,private,phd,4.9,71.5,yes,30-60 min,yes,mixed,87.4,80.7,69.1,d,group C,free/reduced,completed,29,40,44
99,17,other,private,post graduate,1.4,82.3,yes,15-30 min,no,coaching,50.4,48.3,39.9,f,group D,free/reduced,none,58,67,62
805,18,other,public,phd,4.1,76.6,yes,30-60 min,no,group study,65.2,72.7,71.2,c,group C,standard,none,73,76,78
728,14,female,private,no formal,3.6,68.3,no,30-60 min,yes,mixed,65.9,60.4,60.8,d,group E,standard,completed,68,51,57
574,14,other,private,diploma,3.1,60.6,yes,<15 min,yes,coaching,44.0,64.5,47.1,e,group C,free/reduced,completed,50,66,64
407,16,other,private,no formal,0.9,71.3,yes,<15 min,yes,mixed,26.2,38.3,31.9,f,group B,standard,completed,65,65,63
503,19,other,private,high school,5.7,98.8,yes,30-60 min,yes,notes,81.7,79.5,86.1,b,group C,free/reduced,none,63,61,54
48,19,male,private,high school,7.8,60.4,yes,>60 min,yes,online videos,100.0,100.0,96.3,a,group C,standard,none,66,71,76
33,14,male,private,no formal,5.8,81.7,yes,30-60 min,yes,notes,72.1,84.8,78.8,c,group E,free/reduced,none,56,72,65
780,19,female,public,high school,0.7,67.5,no,15-30 min,no,group study,35.1,43.4,37.0,f,group E,standard,completed,94,85,82
840,19,female,public,high school,7.9,92.2,yes,15-30 min,yes,textbook,86.0,94.5,100.0,a,group C,standard,none,66,77,73
201,16,male,public,post graduate,6.5,82.8,yes,>60 min,yes,online videos,93.9,98.9,90.0,b,group C,standard,completed,67,84,86
135,18,female,private,phd,4.5,81.1,yes,<15 min,no,coaching,70.7,84.0,73.4,c,group D,free/reduced,completed,74,79,75
28,18,other,private,post graduate,5.2,59.8,yes,<15 min,yes,textbook,89.9,63.4,75.4,c,group C,standard,none,67,69,75
881,14,other,private,phd,3.8,76.8,yes,<15 min,no,online videos,51.1,61.0,52.6,e,group C,standard,completed,63,64,66
231,16,other,private,diploma,7.3,73.9,yes,<15 min,no,mixed,100.0,96.2,97.2,a,group D,standard,none,76,64,66
490,17,other,private,phd,3.3,93.8,yes,15-30 min,no,coaching,65.6,60.1,61.1,d,group A,free/reduced,completed,79,82,82
773,14,other,public,post graduate,1.1,51.3,no,15-30 min,yes,group study,3.0,44.4,23.2,f,group B,free/reduced,completed,52,67,72
379,16,female,private,no formal,0.9,92.0,no,15-30 min,yes,textbook,32.7,35.0,36.3,f,group A,standard,none,71,83,77
289,17,other,public,post graduate,2.0,86.4,no,<15 min,yes,online videos,43.5,51.0,53.1,e,group B,free/reduced,none,88,75,76
419,15,female,private,diploma,1.2,66.6,yes,30-60 min,no,textbook,46.6,45.0,45.9,e,group D,standard,none,68,59,62
675,17,male,private,diploma,3.2,63.7,no,30-60 min,yes,group study,37.7,37.3,42.8,e,group D,standard,completed,69,77,78
392,15,female,private,diploma,5.4,76.9,yes,30-60 min,no,textbook,83.8,88.4,80.8,c,group D,standard,none,77,68,77
593,15,male,private,graduate,3.1,72.9,no,30-60 min,no,group study,51.6,48.9,44.5,e,group E,standard,none,68,68,64
499,19,female,private,phd,5.4,87.6,yes,30-60 min,yes,notes,78.1,71.0,70.8,c,group B,standard,none,66,69,68
139,16,female,private,no formal,4.1,82.3,yes,>60 min,no,textbook,71.3,67.0,67.6,d,group C,standard,none,59,66,67
63,16,other,private,no formal,6.5,79.8,yes,30-60 min,yes,coaching,61.2,76.7,77.4,c,group A,free/reduced,none,62,61,55
472,18,female,private,graduate,7.5,58.6,yes,30-60 min,no,mixed,81.2,77.8,75.0,c,group C,standard,none,63,69,74
648,17,male,public,phd,5.2,99.6,yes,15-30 min,no,mixed,79.6,79.9,86.8,b,group E,free/reduced,none,64,62,68
129,17,male,private,graduate,4.1,67.7,yes,>60 min,no,online videos,71.7,66.9,65.0,d,group D,standard,none,82,82,74
977,14,other,public,post graduate,2.1,59.2,yes,>60 min,yes,group study,46.2,42.2,47.1,e,group B,free/reduced,completed,60,62,60
521,16,other,public,high school,1.6,68.7,yes,15-30 min,no,group study,34.8,30.1,39.9,f,group D,standard,none,71,49,52
839,14,male,public,phd,7.0,63.0,yes,>60 min,no,online videos,91.1,65.0,76.9,c,group B,free/reduced,completed,58,57,53
963,19,male,public,graduate,5.3,60.3,yes,15-30 min,yes,coaching,78.5,70.0,76.4,c,group E,standard,none,100,100,100
65,16,male,private,high school,5.7,76.6,yes,30-60 min,no,group study,83.3,88.2,80.9,c,group D,standard,none,59,58,59
813,18,female,private,phd,5.2,54.4,yes,15-30 min,no,mixed,73.5,57.7,73.0,c,group C,standard,completed,54,64,67
15,18,other,public,high school,4.9,85.3,yes,<15 min,no,coaching,66.1,70.3,69.3,d,group A,standard,none,50,53,58
157,14,other,private,high school,1.5,56.0,yes,<15 min,no,coaching,20.4,33.1,26.5,f,group E,free/reduced,completed,66,74,78
41,14,other,private,post graduate,6.0,92.2,yes,15-30 min,yes,textbook,72.5,100.0,88.7,b,group C,free/reduced,none,55,61,54
493,18,male,public,diploma,7.1,78.7,yes,>60 min,no,online videos,90.7,97.2,98.2,a,group C,standard,none,83,83,90
380,15,female,public,post graduate,7.0,100.0,yes,<15 min,no,mixed,100.0,100.0,100.0,a,group A,standard,none,66,64,62
188,16,other,private,graduate,3.3,79.9,yes,15-30 min,yes,mixed,47.5,54.3,58.4,d,group D,standard,completed,62,66,68
764,19,male,public,phd,0.7,59.0,yes,>60 min,yes,mixed,38.6,44.7,38.6,f,group B,standard,none,62,62,63
217,14,female,private,post graduate,4.2,90.1,yes,<15 min,no,notes,48.1,66.6,75.7,c,group E,free/reduced,completed,83,86,88
792,16,female,private,diploma,3.6,62.0,yes,30-60 min,no,online videos,52.3,64.1,44.9,e,group D,free/reduced,none,60,66,70
53,16,female,public,post graduate,5.3,70.5,yes,15-30 min,yes,notes,80.5,79.9,77.0,c,group C,standard,none,53,44,42
879,17,male,private,high school,3.3,83.4,yes,<15 min,no,coaching,68.7,78.0,60.2,d,group D,standard,none,59,72,80
338,15,female,public,diploma,6.4,55.1,yes,<15 min,yes,mixed,67.5,80.0,76.4,c,group C,standard,none,49,51,43
749,15,female,private,no formal,7.9,97.9,yes,15-30 min,no,coaching,87.8,94.5,93.2,b,group C,free/reduced,none,50,60,59
720,17,other,public,diploma,6.5,58.2,yes,30-60 min,no,textbook,69.8,69.2,77.3,c,group E,free/reduced,completed,91,73,80
725,18,other,private,graduate,5.4,61.6,yes,>60 min,yes,textbook,54.4,60.4,69.5,d,group B,standard,none,47,43,41
296,17,female,private,high school,2.0,76.4,yes,15-30 min,no,coaching,68.7,30.6,48.0,e,group B,free/reduced,none,67,62,60
702,17,female,public,diploma,5.1,84.5,yes,>60 min,no,textbook,86.3,90.6,74.1,c,group B,standard,none,57,67,72
252,16,male,private,no formal,3.8,57.1,yes,>60 min,yes,group study,51.3,55.0,48.8,e,group D,free/reduced,none,71,83,83
727,18,other,public,high school,2.6,90.4,yes,15-30 min,no,textbook,54.4,42.1,55.6,d,group E,standard,completed,65,75,77
462,14,female,private,no formal,6.7,88.2,yes,>60 min,no,mixed,95.5,70.5,80.6,c,group B,free/reduced,none,54,54,45
456,17,male,private,phd,2.5,53.1,yes,<15 min,yes,group study,51.4,58.3,49.5,e,group C,free/reduced,none,37,56,47
997,17,male,public,graduate,2.0,69.5,yes,15-30 min,yes,online videos,61.3,45.8,49.5,e,group C,free/reduced,none,62,55,55
816,19,other,public,diploma,6.6,69.3,yes,<15 min,yes,coaching,69.9,75.1,71.8,c,group B,standard,completed,94,86,87
863,14,male,private,phd,3.7,89.0,yes,<15 min,no,textbook,70.7,82.9,72.8,c,group D,free/reduced,completed,39,42,38
270,17,male,private,graduate,5.1,85.5,yes,15-30 min,yes,mixed,65.8,90.1,74.9,c,group E,free/reduced,none,71,76,70
202,19,other,private,post graduate,4.1,62.1,yes,15-30 min,no,mixed,44.0,43.1,50.1,e,group D,free/reduced,none,65,81,77
162,17,male,public,no formal,7.4,78.6,yes,<15 min,no,online videos,69.3,61.2,86.0,b,group E,free/reduced,completed,75,88,85
556,17,other,private,graduate,5.1,50.4,yes,30-60 min,no,online videos,63.6,69.1,68.3,d,group C,free/reduced,none,32,39,33
730,17,other,private,diploma,3.4,77.3,yes,<15 min,no,coaching,71.5,66.7,65.3,d,group C,standard,none,53,39,37
402,18,male,public,high school,6.5,78.2,yes,>60 min,yes,coaching,86.6,78.4,80.6,c,group A,standard,none,53,43,43
703,15,other,private,graduate,1.3,59.5,yes,30-60 min,yes,notes,30.7,29.1,38.6,f,group A,standard,completed,87,84,87
477,19,male,public,diploma,3.3,95.3,yes,<15 min,no,coaching,60.0,73.6,66.0,d,group E,standard,completed,76,62,66
822,17,other,private,graduate,8.0,98.0,yes,15-30 min,no,coaching,93.5,100.0,100.0,a,group D,free/reduced,none,78,90,93
772,19,female,private,graduate,7.3,52.5,yes,15-30 min,yes,online videos,78.7,77.2,77.3,c,group D,standard,none,75,73,74
106,18,male,private,graduate,2.8,58.1,yes,15-30 min,no,group study,58.0,23.3,39.3,f,group C,standard,none,58,67,72
566,15,female,private,phd,3.4,90.9,yes,15-30 min,yes,mixed,57.9,51.3,60.6,d,group B,standard,none,48,43,45
390,14,male,private,post graduate,1.3,86.2,yes,30-60 min,yes,group study,47.7,49.0,45.7,e,group D,standard,none,73,70,75
2,18,female,public,graduate,3.7,87.8,yes,>60 min,no,textbook,68.8,64.8,61.3,d,group C,standard,completed,69,90,88
938,14,male,public,no formal,2.7,81.7,yes,15-30 min,no,textbook,59.8,60.8,50.6,e,group E,free/reduced,none,57,58,57
983,17,other,private,post graduate,5.3,79.6,yes,>60 min,yes,group study,75.3,79.0,77.1,c,group B,standard,completed,79,85,86
562,14,other,private,high school,5.8,79.3,yes,15-30 min,yes,notes,75.6,61.6,69.5,d,group C,standard,none,63,74,74
81,19,female,private,graduate,2.7,79.2,yes,30-60 min,yes,textbook,75.2,54.3,59.6,d,group B,standard,none,47,49,50
206,15,female,private,diploma,6.0,91.8,yes,15-30 min,no,mixed,93.0,76.3,82.7,c,group D,standard,completed,74,71,78
35,19,female,public,high school,1.1,88.2,yes,30-60 min,no,coaching,39.6,36.5,46.9,e,group E,standard,none,97,87,82
776,19,male,public,no formal,4.9,89.8,yes,>60 min,yes,textbook,83.3,77.7,82.6,c,group B,free/reduced,none,49,58,55
509,15,other,private,high school,6.0,97.7,yes,<15 min,yes,mixed,70.4,78.8,83.3,c,group C,standard,none,79,78,77
428,18,male,private,diploma,4.4,62.2,no,>60 min,no,textbook,66.3,42.9,58.1,d,group C,free/reduced,none,69,71,65
455,17,female,private,diploma,7.7,70.4,no,>60 min,no,group study,92.5,100.0,93.9,b,group C,free/reduced,none,53,61,62
367,16,female,private,graduate,4.8,61.6,yes,>60 min,yes,online videos,53.4,76.5,62.3,d,group C,standard,completed,69,58,53
92,18,male,private,post graduate,5.7,94.1,yes,30-60 min,yes,textbook,86.2,79.4,82.0,c,group C,free/reduced,none,27,34,36
340,19,female,private,graduate,4.9,50.3,no,30-60 min,no,mixed,43.3,51.7,51.8,e,group D,free/reduced,completed,35,55,60
898,14,male,private,graduate,2.6,79.9,yes,>60 min,yes,group study,72.2,70.5,55.7,d,group B,free/reduced,completed,63,78,79
565,19,female,private,high school,4.2,63.0,yes,30-60 min,yes,mixed,73.4,59.5,60.3,d,group B,free/reduced,none,48,51,46
346,15,other,public,no formal,3.3,65.7,yes,>60 min,yes,group study,58.1,47.6,55.8,d,group C,standard,none,72,80,75
777,16,male,private,post graduate,1.8,54.1,yes,15-30 min,yes,group study,36.8,32.8,34.5,f,group B,standard,none,66,72,70
242,17,male,public,graduate,0.6,56.4,yes,<15 min,yes,mixed,39.3,27.5,28.6,f,group E,standard,none,80,83,83
14,18,other,public,diploma,1.3,95.9,yes,30-60 min,yes,textbook,26.8,50.0,42.5,e,group A,standard,completed,78,72,70
316,17,other,public,diploma,7.4,92.1,yes,30-60 min,yes,online videos,100.0,95.4,100.0,a,group C,standard,none,71,66,65
601,17,other,public,no formal,1.2,52.8,no,15-30 min,yes,coaching,33.3,43.2,39.5,f,group D,standard,none,54,60,63
388,18,male,public,no formal,4.3,51.5,yes,<15 min,no,online videos,50.9,74.3,59.2,d,group C,free/reduced,none,57,78,67
274,19,female,public,diploma,4.5,57.5,yes,<15 min,yes,textbook,61.4,71.0,62.3,d,group D,standard,none,65,70,71
167,15,other,public,post graduate,0.7,63.4,yes,30-60 min,no,group study,45.5,36.2,37.8,f,group C,free/reduced,completed,53,51,51
841,15,female,private,phd,6.3,94.6,yes,<15 min,no,textbook,90.4,98.4,90.3,b,group D,free/reduced,none,39,52,46
993,15,female,public,graduate,4.1,93.7,yes,30-60 min,no,notes,55.6,60.2,67.6,d,group D,free/reduced,none,55,76,76
647,16,female,public,high school,7.7,86.4,yes,>60 min,yes,coaching,81.9,100.0,97.5,a,group D,standard,none,59,70,65
819,17,male,public,post graduate,4.1,70.8,yes,<15 min,no,group study,66.2,60.0,58.5,d,group B,free/reduced,none,60,72,68
485,16,female,public,no formal,2.7,53.5,yes,30-60 min,no,textbook,60.2,57.9,48.6,e,group B,standard,none,49,52,54
981,17,male,public,phd,0.7,98.3,yes,30-60 min,yes,group study,31.0,58.8,42.4,e,group B,free/reduced,none,8,24,23
505,15,male,private,post graduate,3.1,74.3,yes,15-30 min,no,online videos,61.1,60.3,61.2,d,group D,free/reduced,none,40,59,54
832,15,other,public,no formal,1.5,89.1,yes,>60 min,no,online videos,35.3,35.0,39.5,f,group C,free/reduced,completed,74,86,89
244,17,other,private,no formal,6.4,77.0,yes,15-30 min,no,notes,86.0,73.9,82.2,c,group E,standard,none,59,51,43
567,15,other,public,graduate,7.1,71.2,yes,<15 min,no,textbook,81.6,75.0,77.2,c,group E,free/reduced,completed,92,100,100
876,17,male,private,no formal,5.4,61.9,yes,<15 min,yes,notes,77.7,73.3,75.9,c,group C,free/reduced,none,80,64,66
563,16,male,private,phd,5.2,64.2,yes,15-30 min,yes,textbook,59.6,96.2,68.7,d,group C,standard,completed,96,90,92
687,16,female,private,graduate,1.4,85.7,yes,<15 min,yes,mixed,46.7,41.2,54.1,e,group E,standard,completed,85,75,68
190,15,female,private,diploma,7.7,59.4,yes,30-60 min,no,group study,73.4,77.6,76.1,c,group C,standard,none,77,88,87
783,14,female,public,graduate,4.5,75.7,yes,15-30 min,no,group study,46.3,61.3,59.8,d,group B,free/reduced,completed,76,85,82
700,14,other,public,graduate,4.4,54.7,no,15-30 min,yes,mixed,53.2,51.4,51.7,e,group C,free/reduced,none,66,66,59
476,18,female,private,no formal,4.9,78.6,yes,15-30 min,yes,textbook,81.6,82.8,77.4,c,group D,standard,completed,71,76,83
682,14,other,public,high school,2.6,84.6,yes,30-60 min,yes,online videos,54.3,62.7,60.8,d,group B,standard,none,60,68,60
511,19,male,public,high school,4.5,63.5,yes,<15 min,yes,group study,70.5,59.9,66.6,d,group D,standard,none,76,71,73
59,18,other,public,graduate,2.0,87.4,yes,15-30 min,no,online videos,40.9,59.9,41.1,e,group D,standard,completed,58,59,58
475,17,male,public,high school,6.4,75.0,yes,15-30 min,yes,group study,67.5,80.9,76.2,c,group B,standard,completed,90,90,91
561,17,male,private,no formal,2.3,87.6,yes,30-60 min,no,group study,74.7,70.2,62.0,d,group D,standard,completed,74,75,79
857,15,male,public,diploma,4.5,80.0,yes,<15 min,no,mixed,36.8,62.7,58.5,d,group B,free/reduced,none,75,68,65
748,15,male,public,post graduate,7.4,90.3,yes,30-60 min,yes,group study,100.0,98.1,100.0,a,group C,standard,none,69,64,68
253,15,male,public,diploma,1.5,71.3,yes,<15 min,yes,notes,30.2,38.5,32.5,f,group B,standard,completed,60,70,70
22,16,female,public,diploma,2.1,97.4,yes,>60 min,yes,group study,31.9,39.3,55.0,d,group B,free/reduced,completed,65,75,70
314,15,other,public,no formal,5.4,80.4,yes,>60 min,no,coaching,86.2,73.8,77.7,c,group C,free/reduced,completed,68,67,69
460,14,male,private,post graduate,2.3,69.3,no,<15 min,yes,mixed,56.3,47.1,48.5,e,group B,standard,completed,72,65,68
161,19,male,private,high school,3.2,76.2,no,15-30 min,no,group study,48.2,54.2,48.9,e,group B,free/reduced,completed,82,78,74
277,16,female,public,no formal,4.7,72.5,yes,15-30 min,no,mixed,50.3,60.1,60.3,d,group C,standard,completed,85,92,93
956,17,other,private,diploma,2.8,96.5,yes,30-60 min,yes,online videos,52.8,61.5,55.7,d,group E,standard,none,72,57,62
192,17,other,private,high school,1.4,58.6,yes,30-60 min,no,online videos,32.8,16.7,25.5,f,group D,standard,completed,76,83,79
386,14,female,public,graduate,7.7,79.2,yes,<15 min,no,notes,87.0,90.2,93.4,b,group E,standard,none,67,76,75
806,18,other,public,no formal,6.4,80.7,yes,30-60 min,yes,mixed,85.1,74.6,80.7,c,group A,free/reduced,none,75,81,74
414,14,male,private,graduate,2.2,86.5,yes,<15 min,yes,textbook,56.9,53.2,44.9,e,group B,standard,completed,63,67,67
492,19,female,private,graduate,5.9,90.3,yes,15-30 min,yes,textbook,77.4,87.9,83.4,c,group C,standard,none,64,64,70
344,17,male,private,diploma,2.0,87.1,no,<15 min,yes,textbook,46.6,65.7,47.9,e,group D,standard,completed,67,72,67
770,16,male,public,no formal,2.0,81.0,no,15-30 min,yes,online videos,52.2,52.8,50.3,e,group A,free/reduced,none,58,60,57
309,15,female,private,graduate,1.5,68.6,yes,>60 min,yes,mixed,21.1,36.6,39.1,f,group B,free/reduced,none,53,71,67
662,18,other,private,post graduate,2.3,74.0,yes,30-60 min,no,coaching,61.6,56.1,53.4,e,group C,standard,none,73,66,63
131,17,other,public,phd,4.7,80.4,yes,>60 min,yes,online videos,78.1,75.3,73.8,c,group D,standard,none,89,84,82
664,15,other,private,post graduate,5.1,82.6,yes,<15 min,no,coaching,72.4,86.8,76.9,c,group C,standard,none,65,69,67
872,15,male,public,diploma,3.7,72.5,yes,>60 min,yes,notes,39.8,42.2,51.6,e,group C,standard,completed,70,72,76
100,14,male,private,graduate,5.7,71.9,no,<15 min,no,group study,57.0,61.6,66.9,d,group D,standard,none,65,67,62
373,16,other,public,diploma,3.7,79.9,no,15-30 min,no,notes,55.7,53.7,65.3,d,group D,standard,none,74,74,72
88,15,other,private,high school,5.2,88.4,no,>60 min,yes,textbook,81.7,89.5,73.9,c,group D,standard,none,71,71,74
459,19,female,public,no formal,1.5,58.5,yes,15-30 min,yes,coaching,50.7,19.9,32.5,f,group E,standard,none,100,100,100
331,17,female,public,diploma,2.9,66.5,yes,<15 min,no,online videos,42.3,50.6,55.8,d,group C,standard,none,71,60,61
215,18,male,private,post graduate,6.5,98.1,yes,30-60 min,yes,mixed,92.9,74.5,83.2,c,group E,standard,completed,87,91,81
467,14,female,public,diploma,5.4,98.9,yes,30-60 min,no,group study,77.4,69.5,79.9,c,group D,free/reduced,none,26,31,38
122,18,other,public,post graduate,7.2,96.0,yes,<15 min,no,notes,71.6,83.4,89.4,b,group B,standard,completed,91,89,92
615,18,other,public,high school,2.5,82.7,no,30-60 min,no,group study,69.6,56.5,56.0,d,group A,standard,none,82,93,93
21,17,male,private,phd,5.4,99.8,yes,>60 min,no,textbook,77.6,77.6,81.3,c,group D,standard,none,66,69,63
701,17,male,public,graduate,4.5,80.4,yes,>60 min,no,coaching,66.6,57.7,60.4,d,group E,standard,completed,79,81,82
72,15,other,public,diploma,0.7,95.1,yes,<15 min,yes,group study,43.6,23.8,50.0,e,group D,standard,completed,63,55,63
107,18,female,private,post graduate,1.9,72.5,yes,<15 min,yes,textbook,44.8,42.7,52.9,e,group D,standard,none,87,100,100
271,15,other,public,phd,1.4,55.1,yes,30-60 min,no,group study,23.0,22.3,30.2,f,group C,standard,none,69,63,61
861,19,other,public,post graduate,0.8,98.3,no,15-30 min,no,coaching,45.4,51.5,53.9,e,group C,standard,none,53,62,53
436,14,other,private,diploma,3.7,53.6,no,15-30 min,no,group study,57.7,65.6,59.2,d,group C,free/reduced,completed,50,48,53
103,18,female,public,graduate,5.4,66.9,yes,30-60 min,yes,mixed,72.3,64.8,73.5,c,group D,standard,none,85,91,89
